response_id,jenis_pertanyaan,teks_komentar
MHS_0001,"Menurut Anda, layanan atau fasilitas apa yang perlu diperbaiki di kampus? Jelaskan perbaikan yang Anda harapkan. (Opsional)",PARKIRANN menurutku terlalu sempit 
MHS_0005,"Menurut Anda, layanan atau fasilitas apa yang perlu diperbaiki di kampus? Jelaskan perbaikan yang Anda harapkan. (Opsional)",MOHON PARKIRAN NYA MUNGKIN BISA DIBICARAKAN LAGI
MHS_0006,"Menurut Anda, layanan atau fasilitas apa yang perlu diperbaiki di kampus? Jelaskan perbaikan yang Anda harapkan. (Opsional)","Parkiran, dikarenakan mahasiswa di PENS banyak, maka harus dibesarkan juga parkirannya"
MHS_0007,"Menurut Anda, layanan atau fasilitas apa yang perlu diperbaiki di kampus? Jelaskan perbaikan yang Anda harapkan. (Opsional)",Menurut saya dengan penambahan kuota mahasiswa seharusnya untuk keeprluan alat praktikum bisa untuk kebutuhan belajar dan fasilitas parkir bisa untuk ditambah
MHS_0008,"Menurut Anda, layanan atau fasilitas apa yang perlu diperbaiki di kampus? Jelaskan perbaikan yang Anda harapkan. (Opsional)",parkiran motor tentunya karena kapasitas kendaraan mahasiswa sudah sangat banyak tetapi tempat parkiran tidak cukup memadai
MHS_0009,"Menurut Anda, layanan atau fasilitas apa yang perlu diperbaiki di kampus? Jelaskan perbaikan yang Anda harapkan. (Opsional)","Toilet dibersihkan lagi, dan pelayanan baak di perbaiki lagi. Pegawai judes,ga ramah,ga sopan, kita jg bayar ukt maaf"
MHS_0010,"Menurut Anda, layanan atau fasilitas apa yang perlu diperbaiki di kampus? Jelaskan perbaikan yang Anda harapkan. (Opsional)","di lab, ada bbrp alat yg tidak berfungsi
eepiswlan jdi lemot karna makin banyak mahasiswa ny😞"
MHS_0011,"Menurut Anda, layanan atau fasilitas apa yang perlu diperbaiki di kampus? Jelaskan perbaikan yang Anda harapkan. (Opsional)",1. tempat parkir saran perbaikan
MHS_0013,"Menurut Anda, layanan atau fasilitas apa yang perlu diperbaiki di kampus? Jelaskan perbaikan yang Anda harapkan. (Opsional)","Fasilitas Lab Dimana alat tergolong JADUL dan banyak yang rusak, sulit rasanya jika menahan rasa tidak membandingkan dengan kampus sebelah, komponen praktikum juga kurang lengkap, serta LAHAN PARKIR yang tidak cukup tapi nambah prodi dan kuota mahasiswa tanpa melihat kondisi 2 fasilitas yang urgent itu, saya harap bisa ada harapan secepatnya"
MHS_0014,"Menurut Anda, layanan atau fasilitas apa yang perlu diperbaiki di kampus? Jelaskan perbaikan yang Anda harapkan. (Opsional)",Parkir D3 tolong diperluas/ditingkatkan jadi bangunan parkiran dengan jalan untuk lewat kendaraannya diperlebar 
MHS_0015,"Menurut Anda, layanan atau fasilitas apa yang perlu diperbaiki di kampus? Jelaskan perbaikan yang Anda harapkan. (Opsional)","Laboratorium: Alat praktik kurang lengkap, sebagian peralatan sudah usang/rusak, atau jadwal penggunaan lab kurang fleksibel.
Toilet: Kebersihan kurang terjaga, pasokan air atau sabun sering habis, serta fasilitas seperti kran atau kunci pintu ada yang rusak.
Parkir: Lahan parkir sempit dan sering penuh, kurang tertata rapi, atau peneduh kurang sehingga kendaraan langsung terkena panas dan hujan."
MHS_0016,"Menurut Anda, layanan atau fasilitas apa yang perlu diperbaiki di kampus? Jelaskan perbaikan yang Anda harapkan. (Opsional)","Yg pertama pada tempat Parkir KTM, jika bisa diperluas dengan tingkat kalo bisa dan sistem keluar masuk nya di perbanyak,
Dan peraturan keluar masuk nya diperjelas, karena dari pengalaman kadang dari petugas yabg berbeda bisa meminjam kendaraan teman, tapi kadang tiba tiba tidak boleh keluar jika orang yg sama,
Padahal kita juga pada posisi Yang Urgent apalagi pada saat ada Event di Kampus jika ada kebutuhan meminjam sepeda teman tidak bisa keluar, maka bingung sendiri"
MHS_0017,"Menurut Anda, layanan atau fasilitas apa yang perlu diperbaiki di kampus? Jelaskan perbaikan yang Anda harapkan. (Opsional)",luas parkiran dan sistem tap ktm yang di perbarui serta penambahan pintu keluar / masuk
MHS_0018,"Menurut Anda, layanan atau fasilitas apa yang perlu diperbaiki di kampus? Jelaskan perbaikan yang Anda harapkan. (Opsional)",PARKIRAN TINGKAT 2!
MHS_0019,"Menurut Anda, layanan atau fasilitas apa yang perlu diperbaiki di kampus? Jelaskan perbaikan yang Anda harapkan. (Opsional)",Saya harapkan adalah parkiran karena semakin tahun semakin banyak mahasiswanya namun parkirannya yang ga bertambah 
MHS_0021,"Menurut Anda, layanan atau fasilitas apa yang perlu diperbaiki di kampus? Jelaskan perbaikan yang Anda harapkan. (Opsional)","parkiran, terutama palang pintu keluar dan masuk kendaraan bisa diperbanyak biar tidak macet menunggu"
MHS_0022,"Menurut Anda, layanan atau fasilitas apa yang perlu diperbaiki di kampus? Jelaskan perbaikan yang Anda harapkan. (Opsional)","Perlu dilakukan peningkatan kualitas fasilitas perpustakaan, terutama dari segi kenyamanan ruang dan ketersediaan buku atau referensi. Kualitas dan kestabilan jaringan Wi-Fi juga perlu ditingkatkan agar dapat mendukung kegiatan perkuliahan dan pengerjaan tugas. Selain itu, fasilitas parkir perlu ditata dan diperluas agar lebih tertib serta mampu menampung kendaraan mahasiswa dengan lebih baik."
MHS_0023,"Menurut Anda, layanan atau fasilitas apa yang perlu diperbaiki di kampus? Jelaskan perbaikan yang Anda harapkan. (Opsional)",Parkiran nyaa lebih di perluas lagiii
MHS_0024,"Menurut Anda, layanan atau fasilitas apa yang perlu diperbaiki di kampus? Jelaskan perbaikan yang Anda harapkan. (Opsional)","Beberapa fasilitas kampus yang perlu diperbaiki adalah parkiran, toilet, dan laboratorium. Parkiran diharapkan dapat dibuat bertingkat agar kapasitas kendaraan lebih memadai dan penggunaan lahan menjadi lebih efisien. Toilet D3 juga perlu diperbaiki dari segi kebersihan, kelayakan, dan fasilitas pendukung agar lebih nyaman digunakan. Selain itu, laboratorium diharapkan dapat dilengkapi dengan peralatan praktikum yang memadai dan sesuai kebutuhan pembelajaran, sehingga mahasiswa dapat melaksanakan praktikum dengan lebih optimal."
MHS_0026,"Menurut Anda, layanan atau fasilitas apa yang perlu diperbaiki di kampus? Jelaskan perbaikan yang Anda harapkan. (Opsional)","menurut saya pada parkiran bisa ditingkat seperti kampus sebelah,melihat mahasiswa pens yang semakin banyak"
MHS_0027,"Menurut Anda, layanan atau fasilitas apa yang perlu diperbaiki di kampus? Jelaskan perbaikan yang Anda harapkan. (Opsional)","Untuk area parkir menurut saya perlu di perluas atau jika tidak mungkin bisa dengan opsi membuat area parkir bertingkat, mengingat semakin banyak mahasiswa pens dengan adanya penambahan prodi baru. Selain area lahan parkir, menurut saya yang perlu di perbaiki lagi yaitu untuk kebersihan toilet gedung pasca, karena masih ada beberapa kamar mandi yang mengalami kerusakan pada selang air shower nya. Sekian dan terima kasih."
MHS_0028,"Menurut Anda, layanan atau fasilitas apa yang perlu diperbaiki di kampus? Jelaskan perbaikan yang Anda harapkan. (Opsional)",parkiran parkiran parkiran
MHS_0029,"Menurut Anda, layanan atau fasilitas apa yang perlu diperbaiki di kampus? Jelaskan perbaikan yang Anda harapkan. (Opsional)","menurut saya perbaiki, atau tambah lahan parkir, soalnya banyak motor yang jatuh, lecet gara"" parkir sempit"
MHS_0030,"Menurut Anda, layanan atau fasilitas apa yang perlu diperbaiki di kampus? Jelaskan perbaikan yang Anda harapkan. (Opsional)","Parkiran, mungkin bisa diatur agar pengunjungnya nyaman dan tidak antre"
MHS_0031,"Menurut Anda, layanan atau fasilitas apa yang perlu diperbaiki di kampus? Jelaskan perbaikan yang Anda harapkan. (Opsional)","Sesuai dengan apa yang terjadi di lapangan, kondisi parkiran dapat dikatakan kurang untuk mencakup besaran demand kendaraan mahasiswa. Untuk itu ide yang dapat menjadi jalan keluar adalah pembangunan parkir bertingkat di area yang sudah ada."
MHS_0032,"Menurut Anda, layanan atau fasilitas apa yang perlu diperbaiki di kampus? Jelaskan perbaikan yang Anda harapkan. (Opsional)","1.parkiran karena parkiran selalu penuh
2.internet kampus sering lemot dan trouble
3. administrasi akademik kurang ramah"
MHS_0033,"Menurut Anda, layanan atau fasilitas apa yang perlu diperbaiki di kampus? Jelaskan perbaikan yang Anda harapkan. (Opsional)","Saya dari prodi ELKA, lab dan barang/alat nya sudah termasuk tua atau tidak ada yang baru, banyak yang rusak dan perlu diperbaiki. lalu untuk parkiran sepeda motor, jumlah mahasiswa ditambah tapi fasilitas nya juga ga ditambah, untuk wifi ngelag"
MHS_0034,"Menurut Anda, layanan atau fasilitas apa yang perlu diperbaiki di kampus? Jelaskan perbaikan yang Anda harapkan. (Opsional)","-SDM nya ditingkatkan lagi keramahannya karena jutek sekali padahal nanya baik baik
-wifi dikampus sangat lemot perlu DIBENAHI LAGI
-ONLINE MIS sering error, terkadang terkendala saat pengisian logbook kp, PERLU DIBENAHI"
MHS_0035,"Menurut Anda, layanan atau fasilitas apa yang perlu diperbaiki di kampus? Jelaskan perbaikan yang Anda harapkan. (Opsional)","Fasilitas untuk parkir dikarenakan jumlah mahasiswa yang semakin banyak sebaiknya fasilitas parkir smartcard terutama bisa dibuat bertingkat agar dapat menampung jumlah mahasiswa yang mungkin meningkat dibanding tahun-tahun sebelumnya.
Terima kasih 🙏😁"
MHS_0036,"Menurut Anda, layanan atau fasilitas apa yang perlu diperbaiki di kampus? Jelaskan perbaikan yang Anda harapkan. (Opsional)","Parkir, dikarenakan banyak mahasiswa sehingga parkirang sempit"
MHS_0038,"Menurut Anda, layanan atau fasilitas apa yang perlu diperbaiki di kampus? Jelaskan perbaikan yang Anda harapkan. (Opsional)","mungkin adalah Wi-Fi yaaa, soalnya beberapa hari ini itu lemot parah mungkin bisa diperbaiki agar tidak terjadi trouble "
MHS_0039,"Menurut Anda, layanan atau fasilitas apa yang perlu diperbaiki di kampus? Jelaskan perbaikan yang Anda harapkan. (Opsional)",sebaiknya dilakukan penambahan lahan parkir dikarenakan banyaknya mahasiswa baru
MHS_0040,"Menurut Anda, layanan atau fasilitas apa yang perlu diperbaiki di kampus? Jelaskan perbaikan yang Anda harapkan. (Opsional)",Ya gitu
MHS_0041,"Menurut Anda, layanan atau fasilitas apa yang perlu diperbaiki di kampus? Jelaskan perbaikan yang Anda harapkan. (Opsional)",Perbesar area kampus dan tambah lagi jukir nya
MHS_0042,"Menurut Anda, layanan atau fasilitas apa yang perlu diperbaiki di kampus? Jelaskan perbaikan yang Anda harapkan. (Opsional)",Jangan nambah prodi/kelas terus-terusan kalo belim siap fasilitas & dosen nya
MHS_0043,"Menurut Anda, layanan atau fasilitas apa yang perlu diperbaiki di kampus? Jelaskan perbaikan yang Anda harapkan. (Opsional)","menurut saya pribadi, fasilitas yang perlu di perbaiki adalah Tempat Parkir Mahasiswa, harapan saya tempat parkir dapat di perluas dan loket masuk parkir di perbanyak supaya tidak mengganggu pengendara yang mau parkir di lapangan futsal"
MHS_0044,"Menurut Anda, layanan atau fasilitas apa yang perlu diperbaiki di kampus? Jelaskan perbaikan yang Anda harapkan. (Opsional)",Lahan parkir D3
MHS_0045,"Menurut Anda, layanan atau fasilitas apa yang perlu diperbaiki di kampus? Jelaskan perbaikan yang Anda harapkan. (Opsional)","Parkiran, karena disaat jam ramai selalu menimbulkan kemacetan dan lokasi parkir yang sangat minim untuk digunakan mahasiswa sebanyak ini, apalagi prodi sudah bertambah harusnya parkiran juga ditambah ya"
MHS_0046,"Menurut Anda, layanan atau fasilitas apa yang perlu diperbaiki di kampus? Jelaskan perbaikan yang Anda harapkan. (Opsional)","Saya ingin menyampaikan keluhan terkait lahan parkir mobil mahasiswa yang semakin terbatas. Area lama sekarang digunakan oleh pengendara motor, dipinggir pager parkiran motor KTM juga tidak boleh alasan satpam untuk tamu, sehingga tersisa hanya sedikit ruang di sekitar lorong D3–D4. Akibatnya saat jadwal kelas siang, mahasiswa sering kesulitan bahkan tidak mendapat tempat parkir sama sekali (saya sendiri pernah mengalaminya semester lalu)

Kami tidak meminta perlakuan istimewa, hanya kesempatan yang setara untuk bisa mengikuti perkuliahan tanpa harus terkendala hal seteknis parkir. Jangan sampai mahasiswa ABSEN hanya karena tidak kebagian tempat parkir. Saya mohon kebijakan ini ditinjau ulang agar lebih adil bagi seluruh mahasiswa, baik pengguna motor maupun mobil. Saya tunggu tindaklanjutnya SECEPATNYA, jikalau tidak ada perubahan/solusi maka form ini cuma omon-omon"
MHS_0047,"Menurut Anda, layanan atau fasilitas apa yang perlu diperbaiki di kampus? Jelaskan perbaikan yang Anda harapkan. (Opsional)","Parkir D3 agar tidak berdesakan dan bisa parkir dengan nyaman, karena terkadang dalam beberapa waktu saat ramai parkir ditutup dan harus parkir di parkiran maba."
MHS_0051,"Menurut Anda, layanan atau fasilitas apa yang perlu diperbaiki di kampus? Jelaskan perbaikan yang Anda harapkan. (Opsional)","Menurut saya (1) toilet karena toilet masih perlu perbaikan ataupun penambahan. (2) layanan kemahasiswaan karena terkadang untuk surat izin ataupun perizinan kuliah sudah diberikan ke pihak terkait namun di ethol tertera A / Alpa padahal surat izin sudah diberikan surat izin resmi PDF dan penjelasan alasan izin tidak masuk kuliah.
(3) wi-fi karena terkadang putus nyambung."
MHS_0054,"Menurut Anda, layanan atau fasilitas apa yang perlu diperbaiki di kampus? Jelaskan perbaikan yang Anda harapkan. (Opsional)","Kalau menurut saya di ruangan kelas yang masih menggunakan papan kapur, lebih baik di gantik dengan papan spidol "
MHS_0055,"Menurut Anda, layanan atau fasilitas apa yang perlu diperbaiki di kampus? Jelaskan perbaikan yang Anda harapkan. (Opsional)","- Wi-Fi di beberapa tempat terasa sangat lelet dan lemot terutama Laboratorium IT dan Perpustakaan D4, bahkan ada ruang kuliah yang tidak diberikan akses wifi, seperti Student Center.
- Banyak kursi yang sudah tidak layak untuk di duduki pada banyak Ruang Kelas di Gedung D4
- Beberapa ruang kelas Gedung D4 AC nya tidak menggunakan AC Central sehingga kurang dingin, bahkan cenderung gerah."
MHS_0056,"Menurut Anda, layanan atau fasilitas apa yang perlu diperbaiki di kampus? Jelaskan perbaikan yang Anda harapkan. (Opsional)","1. Menurut Saya perpustakaan mungkin bisa ditambah, mungkin kayak Pens Working Space yang ada di lantai 2 itu membantu sekali untuk belajar atau menunggu waktu matkul yang jedanya sangat lama namun itu sering penuh jadi mungkin bisa ditambah lagi (saran : yang dekat dengan musholla ya kalo bisa biar ga jauh jauh kalo sholat) 
2. Untuk buku buku di perpustakaan hanya akademik saja tidak ada mengenai self improvement padhaal itu juga perlu
3. Untuk parkiran juga bisa diperluas lagi karena selalu kepenuhan dan kadang ada nya motor yang parkir sembrangan sehingga saya(perempuan) kesulitan untuk parkir
4. Kamar mandi nya mungkin bisa lebih dibersihkan lagi akhir akhir ini saya sering menenmukan kamar mandi perempuan yang bau kencing "
MHS_0057,"Menurut Anda, layanan atau fasilitas apa yang perlu diperbaiki di kampus? Jelaskan perbaikan yang Anda harapkan. (Opsional)","sistem informasi, sering down dan tampilan jadul"
MHS_0058,"Menurut Anda, layanan atau fasilitas apa yang perlu diperbaiki di kampus? Jelaskan perbaikan yang Anda harapkan. (Opsional)","Tempat parkir, saya harap tempat parkir baik di D3 maupun D4 dapat diperluas dengan cara ditingkatkan menjadi 2 lantai, dan selama pembangunan mungkin mahasiswa dapat memarkirkan kendaraan disekitar lingkungan graha sepuluh nopember"
MHS_0059,"Menurut Anda, layanan atau fasilitas apa yang perlu diperbaiki di kampus? Jelaskan perbaikan yang Anda harapkan. (Opsional)","Untuk parkir, jelas banget kekurangan. Kalau masuk pas jadwal siang pasti udah ga dapet tempat, kalau mau keluar parkiran juga antrii panjang ga bisa gerak. Untuk wifi juga terkadang lag tidak bisa digunakan, web sistem informasi juga, sering sekali terjadi error jadi menyusahkan saat saya ingin mengisi logbook, dan untuk laboratorium banyak alat” dan komponen yang rusak jadi pernah saya harus membeli komponen sendiri"
MHS_0060,"Menurut Anda, layanan atau fasilitas apa yang perlu diperbaiki di kampus? Jelaskan perbaikan yang Anda harapkan. (Opsional)","Jumlah mahasiswa semakin bertambah otomatis parkiran nya butuh yang lebih luas, wifi terkadang lag, laboratorium menurut ku jumlah alat untuk praktikum kurang"
MHS_0061,"Menurut Anda, layanan atau fasilitas apa yang perlu diperbaiki di kampus? Jelaskan perbaikan yang Anda harapkan. (Opsional)","Parkiran pak, parkiran, mohon dengan sangat pak, kapasitas parkiran di D3 tolong ditambah, kalau bisa itu ditingkat. Terus Wifi pak, ini sering lemot, ethol juga seringkali tidak bisa dibuka saat jam belajar, padahal waktunya presensi, sekian Terima kasih. "
MHS_0062,"Menurut Anda, layanan atau fasilitas apa yang perlu diperbaiki di kampus? Jelaskan perbaikan yang Anda harapkan. (Opsional)",Masalah mengenai insentif yang di sampaikan pihak kmpus mengenai anak yang magang belum di kirim kirim
MHS_0063,"Menurut Anda, layanan atau fasilitas apa yang perlu diperbaiki di kampus? Jelaskan perbaikan yang Anda harapkan. (Opsional)","Parkir nya tolong dibuat lebih luas lagi dan diberi atap diatas parkiran, lalu untuk toilet tolong dibuat lebih luas lagi"
MHS_0065,"Menurut Anda, layanan atau fasilitas apa yang perlu diperbaiki di kampus? Jelaskan perbaikan yang Anda harapkan. (Opsional)",Diperbesar 
MHS_0066,"Menurut Anda, layanan atau fasilitas apa yang perlu diperbaiki di kampus? Jelaskan perbaikan yang Anda harapkan. (Opsional)","Kemahasiswaan, bantuan untuk mahasiswa yang mengikuti lomba diluar kampus

Belum disediakan bantuan cara mengurus lomba diluar kampus "
MHS_0067,"Menurut Anda, layanan atau fasilitas apa yang perlu diperbaiki di kampus? Jelaskan perbaikan yang Anda harapkan. (Opsional)","Parkiran sebaiknya di upgrade aja mungkin bisa seperti punya nya PPNS yang di tingkat & di kanopi karena seiring bertambahnya mahasiswa kebutuhan lahan parkir juga semakin meningkat, di harapkan motor bisa tertata rapi dan aman agar tidak terjadi kerusakan karena parkir yang saling berhimpitan yang membuat tidak ada space saat mengeluarkan motor yg mengakibatkan kerusakan kendaraan "
MHS_0068,"Menurut Anda, layanan atau fasilitas apa yang perlu diperbaiki di kampus? Jelaskan perbaikan yang Anda harapkan. (Opsional)","Internet wifi kurang lancar, klinik ruangannya harus diperbaiki, parkiran pintunya diperbanyak biar ngga macet saat keluar "
MHS_0070,"Menurut Anda, layanan atau fasilitas apa yang perlu diperbaiki di kampus? Jelaskan perbaikan yang Anda harapkan. (Opsional)","parkir mahasiswa, karena sekarang parkir sering penuh"
MHS_0072,"Menurut Anda, layanan atau fasilitas apa yang perlu diperbaiki di kampus? Jelaskan perbaikan yang Anda harapkan. (Opsional)","Wifi, website dan juga parkir yang dimana websitenya rawan error sehingga tidak dapat melakukan absensi dan juga parkir pun menyulitkan pengguna mobil yang hanya parkir di pinggi saja"
MHS_0073,"Menurut Anda, layanan atau fasilitas apa yang perlu diperbaiki di kampus? Jelaskan perbaikan yang Anda harapkan. (Opsional)",Percepat administrasi absen manual
MHS_0074,"Menurut Anda, layanan atau fasilitas apa yang perlu diperbaiki di kampus? Jelaskan perbaikan yang Anda harapkan. (Opsional)",Tata ruang dan letak parkiran supaya mudah di akses dan penataan mudah
MHS_0076,"Menurut Anda, layanan atau fasilitas apa yang perlu diperbaiki di kampus? Jelaskan perbaikan yang Anda harapkan. (Opsional)","Wifi-nya mungkin bisa di tingkatkan karena di beberapa tempat Wifi-nya kurang bagus alias lemot, harapannya si bisa lebih kenceng soalnya wifi itu kebutuhan primer sekarang hehe. Makasih"
MHS_0077,"Menurut Anda, layanan atau fasilitas apa yang perlu diperbaiki di kampus? Jelaskan perbaikan yang Anda harapkan. (Opsional)","wifi, karena lumayan lambat untuk sekelas kampus, apalagi setiap pindah tempat, wifi pasti terputus"
MHS_0078,"Menurut Anda, layanan atau fasilitas apa yang perlu diperbaiki di kampus? Jelaskan perbaikan yang Anda harapkan. (Opsional)","menurut saya yaitu kelengkapan alat dan komponen yang ada di laboratorium karena pernah beberapa kali saya dapati alat di lab masih kurang memadai karena error atau keluaran lama (peninggalan jepang) sebaiknya kampus memberikan atau mengecek kembali alat2 keluaran lama tersebut apakah tetap bisa digunakan dengan baik atau perlu diberikan alat yang baru, kemudian komponen yang terkadang tidak lengkao juga membuat proses pembelajaran di lab terganggu karena harus melompati materi apabila komponen tidak tersedia"
MHS_0080,"Menurut Anda, layanan atau fasilitas apa yang perlu diperbaiki di kampus? Jelaskan perbaikan yang Anda harapkan. (Opsional)",parkir agar di tingkat
MHS_0081,"Menurut Anda, layanan atau fasilitas apa yang perlu diperbaiki di kampus? Jelaskan perbaikan yang Anda harapkan. (Opsional)",TEMPAT PARKIR TIDAK MEMADAI DAN PINTU KELUAR PARKIR PERLU DITAMBAH AGAR TIDAK TERJADI KEMACETAN SAAT PEAK HOUR
MHS_0082,"Menurut Anda, layanan atau fasilitas apa yang perlu diperbaiki di kampus? Jelaskan perbaikan yang Anda harapkan. (Opsional)","Wi-Fi dan sistem informasi, terkadang error tidak dapat diakses padahal masih hari kerja "
MHS_0083,"Menurut Anda, layanan atau fasilitas apa yang perlu diperbaiki di kampus? Jelaskan perbaikan yang Anda harapkan. (Opsional)",Parkiran dan wifi jaringan
MHS_0084,"Menurut Anda, layanan atau fasilitas apa yang perlu diperbaiki di kampus? Jelaskan perbaikan yang Anda harapkan. (Opsional)","Mempemudah archive Tugas akhir mahasiswa yang dapat diakses melalui online atau website pens sendiri.
"
MHS_0085,"Menurut Anda, layanan atau fasilitas apa yang perlu diperbaiki di kampus? Jelaskan perbaikan yang Anda harapkan. (Opsional)","Ruang kelas di D4 dan D3 ac nya ada yang tidak bisa.
Internet/Wifi lambat pada titik tertentu dan kadang sangat lambat meski di gedung SAW/Pasca
Parkirannya diperbanyak, contoh parkirannya dibuat lantai tingkat."
MHS_0086,"Menurut Anda, layanan atau fasilitas apa yang perlu diperbaiki di kampus? Jelaskan perbaikan yang Anda harapkan. (Opsional)","Menurut saya, fasilitas parkir di kampus perlu diperluas. Dengan jumlah mahasiswa yang semakin meningkat setiap tahunnya, lahan parkir yang tersedia saat ini sudah tidak mampu menampung 
kendaraan sehingga sering terjadi penumpukan dan kemacetan. Selain itu, saya berharap jumlah gate masuk dan keluar kampus dapat ditambah. Hal ini bertujuan untuk mengurai antrian kendaraan pada jam sibuk dan memperlancar akses keluar-masuk. Terima kasih."
MHS_0089,"Menurut Anda, layanan atau fasilitas apa yang perlu diperbaiki di kampus? Jelaskan perbaikan yang Anda harapkan. (Opsional)",Penataan parkir motor d4 diperketat agar tidak ada mahasiswa yang parkir motor seenaknya
MHS_0090,"Menurut Anda, layanan atau fasilitas apa yang perlu diperbaiki di kampus? Jelaskan perbaikan yang Anda harapkan. (Opsional)",tidak ada
MHS_0091,"Menurut Anda, layanan atau fasilitas apa yang perlu diperbaiki di kampus? Jelaskan perbaikan yang Anda harapkan. (Opsional)",Fasilitas mengenai pelayanan parkir di pens dikarenakan jumlah mahasiswa semakin tahun semakin bertambah dan ruang tempat parkir tidak berkembang luas terjadi penumpukan kendaraan bahkan parkir tidak tertata rapi berhimpitan menyilang dan lain sbgy
MHS_0092,"Menurut Anda, layanan atau fasilitas apa yang perlu diperbaiki di kampus? Jelaskan perbaikan yang Anda harapkan. (Opsional)","Sistem pembayaran maupun apapun hal yang menyangkut dengan website lebih di perhatikan lagi agar lebih mudah di monitoring, selain itu parkir menjadi masalah dari dulu bisa saja parkir D3 di buat bertingkat seperti SMAN 9 Surabaya, dan arah keluar jangan di buat satu arah. Selain itu juga jaringan yang perlu sekali diperbaiki terutama di D4 dikarenakan susah sekali untuk login dan juga sering terjadi lag. 

Untuk peraturan dilarang merokok jangan hanya untuk mahasiswa saja, semua civitas PENS juga jangan ada yang merokok di kampus TANPA TERKECUALI. Jangan merasa ""aku karyawan, aku bos"" semua SAMA memiliki kewajiban mematuhi peraturan yang ada"
MHS_0093,"Menurut Anda, layanan atau fasilitas apa yang perlu diperbaiki di kampus? Jelaskan perbaikan yang Anda harapkan. (Opsional)","Yang pasti masalah utama adalah di bagian parkiran, kami para mahasiswa yang parkir di parkiran KTM selalu overload dan kesusahan untuk pulang, dikarenakan banyaknya mahasiswa yang parkir sementara pintu keluar hanya muat untuk 2 motor saja sehingga benar-benar membuang waktu. mungkin itu hal utama yang bisa tolong ditindak secara cepat untuk SAAT INI, entah akses keluar diperluas menjadi 2 sisi atau lainnya lah, karena benar benar mengganggu waktu kami sebagai mahasiswa PENS"
MHS_0094,"Menurut Anda, layanan atau fasilitas apa yang perlu diperbaiki di kampus? Jelaskan perbaikan yang Anda harapkan. (Opsional)","parkiran, tolong perluasan parkiran segera direalisasikan, seharusnya meningkatnyajumlah mahasiswa juga berbanding lurus dengan meningkatnya luas parkiran"
MHS_0095,"Menurut Anda, layanan atau fasilitas apa yang perlu diperbaiki di kampus? Jelaskan perbaikan yang Anda harapkan. (Opsional)",.
MHS_0096,"Menurut Anda, layanan atau fasilitas apa yang perlu diperbaiki di kampus? Jelaskan perbaikan yang Anda harapkan. (Opsional)","Fasilitas parkirannya dari sei tap KTM itu di perbaiki lagi biar ga lemot dan antri panjang. lahan parkirannya dibuat lebih luas atau dibikin parkiran bertingkat, terutama parkir mobil (mahasiswa yg punya mobil juga mau pake kendaraan pribadi kadang susah parkir). untuk Lab ELKA kebanyakan lab yanh di pake prodi itu, alat2 nya rusak dan miness teruss gamggu kinerja praktikum. Toilet di gedung d4 ada beberapa yang mampet dan ga bisa dipake."
MHS_0098,"Menurut Anda, layanan atau fasilitas apa yang perlu diperbaiki di kampus? Jelaskan perbaikan yang Anda harapkan. (Opsional)",PERBAIKI WIFI AGAR LEBIH LANCAR DAN PARKIRAN AGAR LEBIH TEDUH
MHS_0099,"Menurut Anda, layanan atau fasilitas apa yang perlu diperbaiki di kampus? Jelaskan perbaikan yang Anda harapkan. (Opsional)","Memperbanyak atau meningkatkan lagi area parkir dengan bertambahnya mahasiswa, memperkuat sistem jaringan internet kampus, memperbarui alat praktikum "
MHS_0101,"Menurut Anda, layanan atau fasilitas apa yang perlu diperbaiki di kampus? Jelaskan perbaikan yang Anda harapkan. (Opsional)",wifi pens kedepannya bisa tidak lemot
MHS_0102,"Menurut Anda, layanan atau fasilitas apa yang perlu diperbaiki di kampus? Jelaskan perbaikan yang Anda harapkan. (Opsional)","Untuk layanan di klinik mohon bisa dirombak ulang karena sepengalaman saya ketika sakit tidak kuat untuk duduk maupun bicara tetap saja harus menunggu proses administrasi dulu dll. dan cuman ditanya keluhan saja tanpa adanya pemeriksaan lanjut oleh dokter. haduh sebenarnya fungsi adanya dokter di klinik untuk apa ya? lalu untuk lift di gedung pascasarjana maupun gedung saw mohon setiap hari dibersihkan karena sangat kotor. untuk parkir mohon dengan sangat, karena Surabaya cuacanya sangat panas jadi mohon untuk bisa dibangun kanopi di seluruh parkiran motor."
MHS_0103,"Menurut Anda, layanan atau fasilitas apa yang perlu diperbaiki di kampus? Jelaskan perbaikan yang Anda harapkan. (Opsional)","bagian tempat parkir, karena di psdku lamongan kendaraan masih kehujanan dan kepanasan, belum ada atapnya!!"
MHS_0104,"Menurut Anda, layanan atau fasilitas apa yang perlu diperbaiki di kampus? Jelaskan perbaikan yang Anda harapkan. (Opsional)",Pertambah ruang hijau dikarenakan udara di Surabaya cukup panas jadi lebih baik kalo lingkungan kampus dibuat asri dan segar
MHS_0105,"Menurut Anda, layanan atau fasilitas apa yang perlu diperbaiki di kampus? Jelaskan perbaikan yang Anda harapkan. (Opsional)",Internet kampus lebih cepat dan stabil 
MHS_0106,"Menurut Anda, layanan atau fasilitas apa yang perlu diperbaiki di kampus? Jelaskan perbaikan yang Anda harapkan. (Opsional)","Menurut Saya,
Parkiran pens sudah sangat aman dan nyaman.
Namun semakin bertambahnya mahasiswa di tahun 2026, parkiran pens sangat sangat sesak. Karena setiap hari saya harus menaruh motor saya di tempat yang tak seharusnya, karna keterbatasan parkir. 

Saya mempunyai saran, karena kampus yang saya cintai ini belum bisa membuka lahan baru untuk parkir. Gapapa, cukup di bikin 2/3 lantai untuk parkiran pens. Contohnya?, seperti kampus ITS, ibu kita. Bisa membangun parkiran 2 lantai. Sangat keren dan hemat ruang. "
MHS_0107,"Menurut Anda, layanan atau fasilitas apa yang perlu diperbaiki di kampus? Jelaskan perbaikan yang Anda harapkan. (Opsional)",Parkiran diperluas
MHS_0108,"Menurut Anda, layanan atau fasilitas apa yang perlu diperbaiki di kampus? Jelaskan perbaikan yang Anda harapkan. (Opsional)","1. Tata ulang kantin agar secara psikologis mahasiswa tidak akan mengerjakan tugas di kantin ketika rush hour, ditambah warga kampus lain yang sering berdatangan sebaiknya manajemen melakukan relayouting atau menambah banyak atribut pens di kantin indoor sehingga mahasiswa luar pens merasa tempat makan mereka bukan di kantin indoor (untuk mengantisipasi rush hour)

2. Parkiran dan gedung tc sebaiknya di rebuild juga, mungkin tahap satu gedung tc dirubah lantai dasar sampai parkiran mobil mahasiswa menjadi parkiran mobil, lalu dari parkiran motor menuju lantai 2 dari gedung tc menjadi parkiran motor baru yg ditingkat, kemudian melakukan ekstensi parkiran sekaligus menambah lantai dari gedung tc, jadi ruang ruang baru

3. Kenapa ada kelas praktikum saya yang dikelas dan bukan di lab, mejanya terlalu kecil, buat laptop sama mouse ndak bisa, ndak nyaman"
MHS_0109,"Menurut Anda, layanan atau fasilitas apa yang perlu diperbaiki di kampus? Jelaskan perbaikan yang Anda harapkan. (Opsional)",internet yang masih terbatas mbps nya
MHS_0110,"Menurut Anda, layanan atau fasilitas apa yang perlu diperbaiki di kampus? Jelaskan perbaikan yang Anda harapkan. (Opsional)","1. Jaringan internet: Sebaiknya Bandwith atau server internet dari WIFI diperbaiki kembali 
2. Parkiran: Tolong parkiran ditambah, ntah itu di lahan baru kalau tidak lahan, tingkat 2/3  atau parkiran bawa tan"
MHS_0111,"Menurut Anda, layanan atau fasilitas apa yang perlu diperbaiki di kampus? Jelaskan perbaikan yang Anda harapkan. (Opsional)",ETHOL mungkin dibuat lebih stabil lagi. Kebanyakan masalah dari ETHOL yang tidak bisa dibuka ketika device terhubung dengan eepiswlan
MHS_0113,"Menurut Anda, layanan atau fasilitas apa yang perlu diperbaiki di kampus? Jelaskan perbaikan yang Anda harapkan. (Opsional)",Memperbanyak bangku di lorong-lorong untuk duduk.
MHS_0114,"Menurut Anda, layanan atau fasilitas apa yang perlu diperbaiki di kampus? Jelaskan perbaikan yang Anda harapkan. (Opsional)","Menurut saya, yang perlu diperhatiin adalah parkiran dan sistem informasi kampus mis.online mis, mis, ethol, my pens yang sering eror. juga terkadang ga semua titik di pens itu bisa diakses wifi (bahkan terkadang dalam ruang kuliah biasanya di barisan hh 201-204). lalu tolong perbanyak fasilitas workspace karena keterbatasan waktu yang tersedia di perpustakaan. jadi kami masih bisa beraktivitas di kampus sebagai tempat belajar. terima kasih"
MHS_0115,"Menurut Anda, layanan atau fasilitas apa yang perlu diperbaiki di kampus? Jelaskan perbaikan yang Anda harapkan. (Opsional)","Petugas BAAK tidak ramah dan susah untuk mendapatkan informasi yang dibutuhkan karena tidak diperhatikan
Sistem Informasi Seperti ethol sering trouble dan menggangu aktivitas kuliah 
Tempat Parkir yang sempit dan tidak sesuai kapasitas uang dibutuhkan"
MHS_0116,"Menurut Anda, layanan atau fasilitas apa yang perlu diperbaiki di kampus? Jelaskan perbaikan yang Anda harapkan. (Opsional)","Mohon parkir diluaskan karena jumlah mahasiswa juga makin banyak, laboratorium masih banyak barang yang rusak, BAAK kurang profesional. "
MHS_0118,"Menurut Anda, layanan atau fasilitas apa yang perlu diperbaiki di kampus? Jelaskan perbaikan yang Anda harapkan. (Opsional)",Untuk Ethol dan Mis PENS sering terjadi server down. Mohon untuk di fix kan
MHS_0119,"Menurut Anda, layanan atau fasilitas apa yang perlu diperbaiki di kampus? Jelaskan perbaikan yang Anda harapkan. (Opsional)","BAAK menurut saya harus lebih ramah lagi, banyak dari kami mendapatkan respomse yang kurang mengenakkan"
MHS_0120,"Menurut Anda, layanan atau fasilitas apa yang perlu diperbaiki di kampus? Jelaskan perbaikan yang Anda harapkan. (Opsional)","Parkir, toilet dan lingkungan kampus karena tambah tahun semakin banyak mahasiswa dan tempat parkir tidak memadai sehingga mahasiswa sulit untuk parkir dengan benar dan dari segi lingkungan kampus seperti lapangan futsal dibuat indoor"
MHS_0122,"Menurut Anda, layanan atau fasilitas apa yang perlu diperbaiki di kampus? Jelaskan perbaikan yang Anda harapkan. (Opsional)",Parkir
MHS_0123,"Menurut Anda, layanan atau fasilitas apa yang perlu diperbaiki di kampus? Jelaskan perbaikan yang Anda harapkan. (Opsional)",Pertama dan lebih urgent adalah sistem wifi atau pengadaan jaringan yg kadang trouble dialami beberapa mahaisswa selain menghambat proses pembelajaran mahasiswa pens
MHS_0124,"Menurut Anda, layanan atau fasilitas apa yang perlu diperbaiki di kampus? Jelaskan perbaikan yang Anda harapkan. (Opsional)","Untuk parkiran segera di perluas apalagi yang parkiran KTM dna untuk wifi sering lemot, bahkan buka ethol saja tidak bisa"
MHS_0126,"Menurut Anda, layanan atau fasilitas apa yang perlu diperbaiki di kampus? Jelaskan perbaikan yang Anda harapkan. (Opsional)","layanan kemahasiswaan (BAAK) PERLU diperbaiki karena kurang baik dalam menjawab mahasiswa ketika diperlukan, apalagi parkir SANGAT PERLU DIPERBAIKI karena orangnya kurang ajar sama mahasiswa"
MHS_0127,"Menurut Anda, layanan atau fasilitas apa yang perlu diperbaiki di kampus? Jelaskan perbaikan yang Anda harapkan. (Opsional)","sering di dapati mahasiswa yang merokok, maupun vape di area parkiran "
MHS_0128,"Menurut Anda, layanan atau fasilitas apa yang perlu diperbaiki di kampus? Jelaskan perbaikan yang Anda harapkan. (Opsional)",Parkiran ya manajemen plis overcrowded banget parkiran depan D3 ditingkat lah libur semester ini. Cukup itu dulu.
MHS_0129,"Menurut Anda, layanan atau fasilitas apa yang perlu diperbaiki di kampus? Jelaskan perbaikan yang Anda harapkan. (Opsional)","Fasilitas parkir. Saya berharap diperbanyak untuk gate in dan outnya. Dikarenakan di jam jam tertentu selalu terjadi kemacetan karena hanya 1 gate saja, sehingga harus diperbanyak untuk gatenya. Selain itu, tempat parkir lebih dikoordinasi lebih lanjut karena banyak sepeda motor yang parkir berantakan."
MHS_0131,"Menurut Anda, layanan atau fasilitas apa yang perlu diperbaiki di kampus? Jelaskan perbaikan yang Anda harapkan. (Opsional)","Parkiran .. pintu masuk dan pintu keluar nya kurang tertata terutama di parkiran d4. Parkiran d4 cuman ada 2 pintu, seharusnya bisa ditingkatkan jadi 2 pintu masuk dan 2 pintu keluar seperti di parkiran d3. Tapi parkiran d3 pun, seharusnya kalau bisa tempat pintu mask dan keluarnya jaraknya hrs lebih diperlebar agar tidak menumpuk antrean parkir yg mau masuk dan keluar. Terimakasih semoga ada peningkatan ^^"
MHS_0132,"Menurut Anda, layanan atau fasilitas apa yang perlu diperbaiki di kampus? Jelaskan perbaikan yang Anda harapkan. (Opsional)",fasilitas air minum putih blm ada
MHS_0133,"Menurut Anda, layanan atau fasilitas apa yang perlu diperbaiki di kampus? Jelaskan perbaikan yang Anda harapkan. (Opsional)",PARKIRAAAANNNNN
MHS_0135,"Menurut Anda, layanan atau fasilitas apa yang perlu diperbaiki di kampus? Jelaskan perbaikan yang Anda harapkan. (Opsional)","permintaan legalisir yang lebih jelas, terutama ketika waka akademik sedang tidak ada (dinas/izin) mungkin proses legalisir dapat digantikan oleh yang lain, sehingga mahasiswa yang membutuhkan surat legalisir tersebut tidak hanya menunggu tanpa kepastian."
MHS_0136,"Menurut Anda, layanan atau fasilitas apa yang perlu diperbaiki di kampus? Jelaskan perbaikan yang Anda harapkan. (Opsional)","Koneksi internet/wifi, sangat perlu untuk ditingkatkan untuk menunjang pembelajaran. Bahkan ada gedung yang terkadang ga bisa connect ke wifi "
MHS_0138,"Menurut Anda, layanan atau fasilitas apa yang perlu diperbaiki di kampus? Jelaskan perbaikan yang Anda harapkan. (Opsional)","Banyak toilet Yang tidak bisa digunakan dental bail, Saran Perbaikan mungkin pads toilet duduk Dan bidet nya"
MHS_0139,"Menurut Anda, layanan atau fasilitas apa yang perlu diperbaiki di kampus? Jelaskan perbaikan yang Anda harapkan. (Opsional)",kamar mandi ditingkatkan interiornya
MHS_0141,"Menurut Anda, layanan atau fasilitas apa yang perlu diperbaiki di kampus? Jelaskan perbaikan yang Anda harapkan. (Opsional)",Parkir tolong dijadikan tingkat 🫸🫷
MHS_0142,"Menurut Anda, layanan atau fasilitas apa yang perlu diperbaiki di kampus? Jelaskan perbaikan yang Anda harapkan. (Opsional)",perluas tempat ccws dan tempat belajar yang nyaman buat ngerjain tugas di kampuss plsss perbanyakkk perpus di perluass kalau bisa setiap tempat yang sekira nya berpotensi boleh diberi meja dan kursi buat nugass aslii butuhh
MHS_0143,"Menurut Anda, layanan atau fasilitas apa yang perlu diperbaiki di kampus? Jelaskan perbaikan yang Anda harapkan. (Opsional)","Diharapkan adanya peningkatan kualitas dan pemerataan jaringan Wi-Fi di seluruh area kampus, selain itu untuk mengatasi keterbatasan lahan parkiran, kampus dapat mempertimbangkan pembangunan gedung parkiran dua lantai di wilayah parkiran d4 dengan sistem tapi smartcard"
MHS_0144,"Menurut Anda, layanan atau fasilitas apa yang perlu diperbaiki di kampus? Jelaskan perbaikan yang Anda harapkan. (Opsional)","Yang paling perlu ditingkatkan menurut saya ialah tempat keluar masuknya parkiran. Saran dari saya bisa dibuat lebih banyak lagi tempat keluar masuknya, atau dibuatkan tempat parkir lagi agar waktu untuk mengantre bisa digunakan untuk hal yang lebih efisien. "
MHS_0145,"Menurut Anda, layanan atau fasilitas apa yang perlu diperbaiki di kampus? Jelaskan perbaikan yang Anda harapkan. (Opsional)",-
MHS_0146,"Menurut Anda, layanan atau fasilitas apa yang perlu diperbaiki di kampus? Jelaskan perbaikan yang Anda harapkan. (Opsional)",Parkiran
MHS_0147,"Menurut Anda, layanan atau fasilitas apa yang perlu diperbaiki di kampus? Jelaskan perbaikan yang Anda harapkan. (Opsional)","parkir diperluas, dan AC di gedung D4 diperbaiki"
MHS_0149,"Menurut Anda, layanan atau fasilitas apa yang perlu diperbaiki di kampus? Jelaskan perbaikan yang Anda harapkan. (Opsional)",-
MHS_0150,"Menurut Anda, layanan atau fasilitas apa yang perlu diperbaiki di kampus? Jelaskan perbaikan yang Anda harapkan. (Opsional)","Wifi-nya terkadang lemot, sebaiknya segera diperbaiki karena ini juga demi kenyamanan mahasiswa dalam mengerjakan tugas tugasnya jikalau terkendala tidak memiliki kuota internet "
MHS_0151,"Menurut Anda, layanan atau fasilitas apa yang perlu diperbaiki di kampus? Jelaskan perbaikan yang Anda harapkan. (Opsional)","Untuk  perpus mungkin bisa disediakan ruang belajar malam karena banyak yang mengelah untuk tempat nugas tututonya terlalu cepat, internet kadang susah sekli untuk loginnya lu untuk mis pens dn ethol kadg gampang error, parkirnya sistem keluarnya mubgkin bisa dicari alternative agar antrian pulang tida terlalu panjang karna itu membuang waktu"
MHS_0154,"Menurut Anda, layanan atau fasilitas apa yang perlu diperbaiki di kampus? Jelaskan perbaikan yang Anda harapkan. (Opsional)","1. Parkiran (jika lahan tidak ada mungkin bisa ditingkat, ini masalah krusial yang terjadi di PENS selama 2 tahun dan belum teratasi, perbaiki juga kualitas petugas parkir terkadang ada yang semena-mena)
2. Ruang kelas dan Laboratorium  (perluas lagi untuk ruang pembelajaran, mengingat bertambahnya jumlah mahasiswa yang membuat suasana belajar jadi tidak nyaman, hal ini tidak hanya mengganggu mahasiswa namun juga dosen pasti merasa tidak nyaman)
3. Lingkungan kampus (Perbaiki kualitas PPKS PENS agar tercipta suasana kampus yang aman dan nyaman, mungkin bisa dengan memberikan efek jera kepada pelaku dan bukan hanya teguran saja. Jika tidak diberikan efek jera akan memberikan kesempatan lain untuk pelaku-pelaku lain yang belum ketauan)
4. Internet (Tambahkan kecepetan internet mengingat semakin bertambahnya mahasiswa)
5. Administrasi Umum (Perbaiki sistem pengajuan tandatangan di BAAK dengan sistem yang terstruktur, terkadang ada berkas yang hilang tetapi pihak petugas tidak mau tau, hal ini akan sangat merugikan apabila dibutuhkan mendesak/ waste activity)"
MHS_0155,"Menurut Anda, layanan atau fasilitas apa yang perlu diperbaiki di kampus? Jelaskan perbaikan yang Anda harapkan. (Opsional)","Wifi lemot, susah konek, sering error

Toilet sering mampet, air sering mati, pantri sering mampet

Pakir full, tak tertata rapi, helm sering hilang"
MHS_0156,"Menurut Anda, layanan atau fasilitas apa yang perlu diperbaiki di kampus? Jelaskan perbaikan yang Anda harapkan. (Opsional)","Parkiran KTM wajib di tingkatkan karena jumlah mahasiswa di tiap tahun makin meningkat, demi kenyamanan bersama karena banyak oknum2 yang tidak bertanggung jawab yang sengaja atau tidak sengaja menjatuhkan motor atau helm tanpa membetulkannya kembali"
MHS_0157,"Menurut Anda, layanan atau fasilitas apa yang perlu diperbaiki di kampus? Jelaskan perbaikan yang Anda harapkan. (Opsional)","tolong untuk layanan mahasiswa, kalo ngasih tau mahasiswanya jangan dibentak. untuk ruang kuliah serta laboratorium, tolong dicek berkala karena masih banyak alat-alat yang rusak (seperti oscilloscope) dan fasilitas yang kurang memadai (seperti jumlah baterai pada mic ruang kuliah di saw, kelas di gedung d4 sering panas meski ada ac, dsb.)"
MHS_0158,"Menurut Anda, layanan atau fasilitas apa yang perlu diperbaiki di kampus? Jelaskan perbaikan yang Anda harapkan. (Opsional)","Menurut saya prioritas yang harus ditingkatkan atau diperbaiki adalah sarana parkir. Dimana maba/mahasiswa PENS semakin tahun juga semakin bertambah, saya merasa bahwa area parkir masih kurang luas untuk menampung kendaraan mahasiswa.
Jadi mungkin bisa ditambah untuk area parkir, seperti dibangun bertingkat jika lahan yang ada tidak cukup luas."
MHS_0159,"Menurut Anda, layanan atau fasilitas apa yang perlu diperbaiki di kampus? Jelaskan perbaikan yang Anda harapkan. (Opsional)","Ruang kelas = untuk AC/proyektor/kursi bisa sering dicek karena ada beberapa kelas yang masih rusak
Wifi = sering tidak bisa digunakan,tidak bisa terkoneksi,lemot 
Parkiran =  dikarenakan lahan parkir terbatas jadi terkadang kesulitan mencari tempat kosong untuk parkir motor, untuk kedepannya mungkin bisa ditambahkan lagi dgn cara dibuat 2 lantai ataupun cara lainnya "
MHS_0161,"Menurut Anda, layanan atau fasilitas apa yang perlu diperbaiki di kampus? Jelaskan perbaikan yang Anda harapkan. (Opsional)","Toilet nya harus lebih sering di bersihkan karena kadang kalau udah siang kotor

Parkir di d 4 harus di tambah kalau bisa di tingkat  dan kalau misal tidak di tingkat parkir yang di sebelah timur di beri atap agar tidak panas dan di tata dengan rapi dan akses pintu masuk dan keluar di tambah agar tidak menimbulkan antrian yang banyak .

Lingkungan nya harus di tambah kan tempat untuk belajar agar bisa belajar dengan nyantai misal nya di beri gazebo "
MHS_0162,"Menurut Anda, layanan atau fasilitas apa yang perlu diperbaiki di kampus? Jelaskan perbaikan yang Anda harapkan. (Opsional)","Untuk Laboratorium sendiri, dikarenakan saya anak Elka, yang mana setiap hari melakukan praktikum, sebenarnya saya sendiri merasa bahwa seluruh alat yang ada di lab itu sudah lengkap, namun kegunaannya aja banyak yang sudah tidak bagus, mungkin dengan ada nya asdos bisa membantu untuk membenarkan alat² yang sudah rusak, sperti kemarin saat saya semester 1&2, masih banyak PSU yang rusak, osiloskop rusak, avometer, ampere meter rusak, jadinya alat yang masih baik digunakan sangat terbatas, dan harus join dengan kelompok lain, yang mana disitu membuat kita kesusahan juga, lalu untuk wifi, menurut saya itu penting yaa, mungkin dari TIK nya sendiri mencari cara agar tidak gampang down aja sii dan bisa diakses kapan aja selama berada di lingkungan kampus, karena kemarin sih spt contohnya saat saya sedang melakukan sorkshop pemrograman nah itu dia web wifi nya down dan ternyata dikarenakan belum jam 8, ntah itu bener atau ga, tapu menurut saya mending sebaiknya, untuk wifi ini jangan hanya menyediakan eepiswlan saja, bagaimana jika eepiswlan ini ttap ada namun dibedakan per gedung saja, jadi spt contohnya, eepiswlan-d4, eepiswlan-kantjn, dll jadi dia nanti sudah ada jangkauan khusus nya dan pasti nantidia ga gampang down dikarenkan bebannya ga semenumpuk jika 1 wifi saja yang dipakai mahasiswa, lalu untuk selanjutnya yaitu parkir, hmm alangkah baiknya untuk parkir juga untuk masih semester 3-4 ini ditaruh je parkir belakang juga gapapaa, nanti bisa pakai ktm juga, tapi dijaga bapak parkir, dikarenkan semenjak semester 3&4 join parkir ktm dia jadi mbludak sekarang"
MHS_0163,"Menurut Anda, layanan atau fasilitas apa yang perlu diperbaiki di kampus? Jelaskan perbaikan yang Anda harapkan. (Opsional)","Menurut saya adalah parkiran, karena kampus membuka prodi baru dan kelas tambahan pada prodi yg ada lalu kelas IUP, namun yg di expand hanya parkiran di lap. Futsal dan itu masih kurang terutama pada parkiran D3. Mungkin saran dari sender yakni parkiran D3 bisa dilakukan expand seperti ditingkat 3 atau 4 itu jauh lebih baik"
MHS_0164,"Menurut Anda, layanan atau fasilitas apa yang perlu diperbaiki di kampus? Jelaskan perbaikan yang Anda harapkan. (Opsional)",AC di beberapa ruang D4 itu banyak yang tidak nyala. Sebaiknya di cek kembali. Untuk SAW 10.08 tidak ada remote TV dan bingung komplain ke mata. Beberapa kondisi alat praktikum di laboratorium memang kurang baik tetapi ada kasus (banyak) mahasiswa yang mendata baik alatnya dan praktik dengan alat teman lain supaya tidak disuruh mengganti alat laboratorium.
MHS_0165,"Menurut Anda, layanan atau fasilitas apa yang perlu diperbaiki di kampus? Jelaskan perbaikan yang Anda harapkan. (Opsional)","Menurut saya, salah satu yang perlu diperbaiki adalah layanan internet/Wifi.tolong untuk menambah Wifi bagi mahasiswa. 1 wifi sangat tidak cukup untuk dipakai semua mahasiswa (benar2 lag) . Minimal ada swkitar 2-3 wifi untuk mahasiswa karena di kampus sendiri ada ribuan mahasiswa yg datang di kampus setiap harinya. Hal ini benar2 saya rasakan. Dan juga, kenapa jaringan di dalam perpus D3 benar2 jelek? Ketika saya keluar dari perpus jaringan aman aman saja. Tolong untuk diinspeksi hal itu, karena membuat para mahasiswa di D3 jadi kurang nyaman saat ingin mengakses internet. 

Kedua, tempat duduk. Saya berharap lebih banyak lagi tempat duduk umum yg disediakan, khususnya di D4 dan D3. "
MHS_0166,"Menurut Anda, layanan atau fasilitas apa yang perlu diperbaiki di kampus? Jelaskan perbaikan yang Anda harapkan. (Opsional)","parkir yang memadai, fasilitas laboratorium yang lengkap (minimal dapat bekerja dengan baik), internet pada gedung SC dipasang"
MHS_0167,"Menurut Anda, layanan atau fasilitas apa yang perlu diperbaiki di kampus? Jelaskan perbaikan yang Anda harapkan. (Opsional)","Untuk Internet/WIFI hanya akan mendapat kondisi jaringan yang lancar ketika berada di gedung Pascasarjana atau SAW namun di gedung d3 dan d4 kurang memadai sinyal internetnya, untuk parkir jalan keluar terlalu sempit mengakibatkan antre yang cukup panjang"
MHS_0168,"Menurut Anda, layanan atau fasilitas apa yang perlu diperbaiki di kampus? Jelaskan perbaikan yang Anda harapkan. (Opsional)",Wifi atau internet sangat perlu untuk diperbaiki karena menurut saya penyebarannya kurang merata  harapannya untuk bisa merata kondisi internetnya tidak hanya di gedung Pascasarjana atau SAW 
MHS_0169,"Menurut Anda, layanan atau fasilitas apa yang perlu diperbaiki di kampus? Jelaskan perbaikan yang Anda harapkan. (Opsional)","Layanan Enterprise Hybrid Online Learning (ETHOL), karena websitenya sering down dan itu bisa menghambat proses absensi ketika ada kelas.
Perbaikan yang saya harapkan adalah kapasitas server ditingkatkan untuk mewadahi heavy traffic dari mahasiswa"
MHS_0170,"Menurut Anda, layanan atau fasilitas apa yang perlu diperbaiki di kampus? Jelaskan perbaikan yang Anda harapkan. (Opsional)",Kampus tidak memprioritaskan pembangunan yg urgent. Parkiran kurang dan dekat pembangunan sehingga tidak aman. Kampus tidak memiliki parkiran yg memadai namun jumlah mahasiswa tiap tahun ditambah pagunya. 
MHS_0171,"Menurut Anda, layanan atau fasilitas apa yang perlu diperbaiki di kampus? Jelaskan perbaikan yang Anda harapkan. (Opsional)","Menurut saya, sistem Internet/Wifi di kampus ini masih terbilang lambat ketika saya menggunakan untuk berkegiatan.
misalnya terkadang putus2 sendiri sehingga terpaksa menggunakan jaringan data, lalu untuk login Wifi ke halaman web nya, juga terkadang tidak bisa diakses.
Jadi, saya harap untuk fasilitas Internet/Wifi yang disediakan oleh PENS ini bisa ditangani lebih lanjut."
MHS_0172,"Menurut Anda, layanan atau fasilitas apa yang perlu diperbaiki di kampus? Jelaskan perbaikan yang Anda harapkan. (Opsional)","Parkir yang lebih luas, internet yang lebih memadai, server kampus yang optimal, layanan kemahasiswaan yang terjamin"
MHS_0173,"Menurut Anda, layanan atau fasilitas apa yang perlu diperbaiki di kampus? Jelaskan perbaikan yang Anda harapkan. (Opsional)","Parkir tidak cukup, banyak motor overload sampai banyak yang ga dapet tempat parkir."
MHS_0174,"Menurut Anda, layanan atau fasilitas apa yang perlu diperbaiki di kampus? Jelaskan perbaikan yang Anda harapkan. (Opsional)",Wifi nya sering lemot
MHS_0175,"Menurut Anda, layanan atau fasilitas apa yang perlu diperbaiki di kampus? Jelaskan perbaikan yang Anda harapkan. (Opsional)","Parkir, mungkin bisa di tambahi lagi untuk bangunan parkiran menjadi tingkat untuk mengakomodasi kendaraan mahasiswa yang membeludak "
MHS_0177,"Menurut Anda, layanan atau fasilitas apa yang perlu diperbaiki di kampus? Jelaskan perbaikan yang Anda harapkan. (Opsional)","Wifi kampus, parkiran kampus, alat alat laboratorium, dosen dan pengajar kurang banyak, ruang kelas kurang, perbesar lahan"
MHS_0181,"Menurut Anda, layanan atau fasilitas apa yang perlu diperbaiki di kampus? Jelaskan perbaikan yang Anda harapkan. (Opsional)","fasilitas wifi, karena banyak sekali mahasiswa bergantung pada fasilitas wifi kampus dan tidak jarang juga wifi kampus kurang berfungsi dengan baik"
MHS_0183,"Menurut Anda, layanan atau fasilitas apa yang perlu diperbaiki di kampus? Jelaskan perbaikan yang Anda harapkan. (Opsional)","Toilet tolong yaa padahal sudah minta sabun tapi tetap tidak dikasih lebih dari seminggu. Pliss kalau bisa yang bersihin sesuai gender!! ada cewek yang masuk tapi tetep masuk (petugasnya cowo), semoga memang tidak ada niat buruk. 
parkir tuh bisa ngga sih bapak-bapaknya responsif. contoh nih, kita mau masuk ke parkiran tapi ketika udah tap KTM, plang nya gabukaa. ya kasih tau lah alasannya, emang susah ngasih tau doang, kan kita ngga tau kenapa nya, mbok ya dibantu. 
sehat-sehat semua yang melayani dengan baik"
MHS_0184,"Menurut Anda, layanan atau fasilitas apa yang perlu diperbaiki di kampus? Jelaskan perbaikan yang Anda harapkan. (Opsional)","parkir(diperbesar), lab(alat"" di perbaiki atau diganti yang dengan yang lebih layak)"
MHS_0185,"Menurut Anda, layanan atau fasilitas apa yang perlu diperbaiki di kampus? Jelaskan perbaikan yang Anda harapkan. (Opsional)","Pelayanan adminisntrasi kurang baik, terutama petugas di BAAK, tidak ramah sama sekali"
MHS_0186,"Menurut Anda, layanan atau fasilitas apa yang perlu diperbaiki di kampus? Jelaskan perbaikan yang Anda harapkan. (Opsional)",parkir yang kurang memadai dan pintu masuk dan keluar hanya berjumalh 1
MHS_0187,"Menurut Anda, layanan atau fasilitas apa yang perlu diperbaiki di kampus? Jelaskan perbaikan yang Anda harapkan. (Opsional)","parkir, ini masih sempit banget, akses keluar juga sedikit
internet wifi, kadang lag banget sampe gabisa buka ethol, kadang juga bug
toilet, gaada tisu, apalagi toilet pasca benar benar minus bgt, gaada tisu, kotorr,, pintu gbisa ditutup, flush nya gabisa, gelap. "
MHS_0189,"Menurut Anda, layanan atau fasilitas apa yang perlu diperbaiki di kampus? Jelaskan perbaikan yang Anda harapkan. (Opsional)","PARKIR KALO BISA DITINGKAT AGAR LEBIH BANYAK MENAMPUNG KENDARAAN BERMOTOR RODA DUA, WIFI LEMOT, TOILET ADA BEBERAPA YANG TIDAK BISA DIPAKAI"
MHS_0190,"Menurut Anda, layanan atau fasilitas apa yang perlu diperbaiki di kampus? Jelaskan perbaikan yang Anda harapkan. (Opsional)","Paling utama parkir ktm, bisa ditambah untuk pintu keluarnya karena kalau masuk jam pulang atau saat ada event kampus, parkiran sangat macet dan berjubel."
MHS_0191,"Menurut Anda, layanan atau fasilitas apa yang perlu diperbaiki di kampus? Jelaskan perbaikan yang Anda harapkan. (Opsional)","Menurut saya pribadi, parkiran pens ini terlalu kecil untuk menampung mahasiswa yang banyak, jadi saya sarankan lebih baik perlebar parkirannya"
MHS_0193,"Menurut Anda, layanan atau fasilitas apa yang perlu diperbaiki di kampus? Jelaskan perbaikan yang Anda harapkan. (Opsional)","alat alat di dalam laboratorium banyak yang sudah rusak, sehingga praktikum tidak dapat dilanjutkan karena kendala alat yang sudah rusak."
MHS_0194,"Menurut Anda, layanan atau fasilitas apa yang perlu diperbaiki di kampus? Jelaskan perbaikan yang Anda harapkan. (Opsional)","laboratorium, alat2 yang diperlukan mahasiswa untuk praktikum kurang memadai, banyak yang tidak berfungsi, mungkin bisa buat di maintanance terkait alat2 dilab agar mahasiswa dapat melaksanakan praktikum tanpa adanya hambatan alat. Dan juga untuk parkiran khususnya parkiran d3 bisa diperluas lagi, atau bisa ditingkat parkirannya, banyak sekali sepeda yang terparkir itu di dempet2in atau bahkan sampe nutup jalan dikarenakan kurangnya area parkir, jadi itu mengganggu mobilitas area parkiran"
MHS_0196,"Menurut Anda, layanan atau fasilitas apa yang perlu diperbaiki di kampus? Jelaskan perbaikan yang Anda harapkan. (Opsional)","Wifinya Ngelag pak. Terutama kalau di LAB JJ 201, dan ruangab di HH lantai 1 maupun 2. untuk parkiran Ya gitu dih pak hehehe. "
MHS_0198,"Menurut Anda, layanan atau fasilitas apa yang perlu diperbaiki di kampus? Jelaskan perbaikan yang Anda harapkan. (Opsional)","pelebaran tiang pembatas parkiran agar dibuka lebih lebar untuk akses masuk/keluar, dan perpustakaan D3 sekira nya bisa penambahan fasilitas seperti pendingin/AC seperti D4 agar pembaca atau penghuni perpus bisa lebih nyaman"
MHS_0202,"Menurut Anda, layanan atau fasilitas apa yang perlu diperbaiki di kampus? Jelaskan perbaikan yang Anda harapkan. (Opsional)","parkir, parkirnya kurang luas "
MHS_0206,"Menurut Anda, layanan atau fasilitas apa yang perlu diperbaiki di kampus? Jelaskan perbaikan yang Anda harapkan. (Opsional)","tempat mengerjakan tugas seperti CWS, kalo ada tempatnya
"
MHS_0207,"Menurut Anda, layanan atau fasilitas apa yang perlu diperbaiki di kampus? Jelaskan perbaikan yang Anda harapkan. (Opsional)","Parkir, semoga pintu keluarnya diperluas"
MHS_0208,"Menurut Anda, layanan atau fasilitas apa yang perlu diperbaiki di kampus? Jelaskan perbaikan yang Anda harapkan. (Opsional)",wifi nya jarang bisa tersambung 
MHS_0213,"Menurut Anda, layanan atau fasilitas apa yang perlu diperbaiki di kampus? Jelaskan perbaikan yang Anda harapkan. (Opsional)","ekspansi tempat parkir, sanitasi toilet, optimalisasi sistem informasi kampus"
MHS_0215,"Menurut Anda, layanan atau fasilitas apa yang perlu diperbaiki di kampus? Jelaskan perbaikan yang Anda harapkan. (Opsional)","PARKIRRR, PILIH PENJAGA YG PROFESIONAL. MASA JIKA SAMA ORANG YG GA KENAL BOLEH CUMA BERMODALKAN KARCIS AJA UNTUK KELUAR, SERTA KLO BISA BIKIN PARKIR LAGI YG ADA ATAPNYA, KARENA JIKA MUSIM HUJAN BISA MENYEBABKAN HELM BASAHHHH"
MHS_0216,"Menurut Anda, layanan atau fasilitas apa yang perlu diperbaiki di kampus? Jelaskan perbaikan yang Anda harapkan. (Opsional)","loket parkir nya sering bikin macet, parkir dilapangan futsal juga menganggu saat ingin digunakan untuk futsal, dan wifi kadang ngelag kadang ga mau nyambung "
MHS_0217,"Menurut Anda, layanan atau fasilitas apa yang perlu diperbaiki di kampus? Jelaskan perbaikan yang Anda harapkan. (Opsional)",Internet wifi aja soalnya lemot
MHS_0218,"Menurut Anda, layanan atau fasilitas apa yang perlu diperbaiki di kampus? Jelaskan perbaikan yang Anda harapkan. (Opsional)","Internet kampus perlu ditingkatkan karena sering mengalami kendala berupa susah tersambung dan lemot. Selanjutnya, Perpustakaan bisa ditambah lagi untuk meja dan kursinya karena biasanya penuh, lalu ada ketidaknyaman juga dari sisi penjaga perpustakaan yang terkadang berbicara terlalu keras."
MHS_0219,"Menurut Anda, layanan atau fasilitas apa yang perlu diperbaiki di kampus? Jelaskan perbaikan yang Anda harapkan. (Opsional)",.
MHS_0220,"Menurut Anda, layanan atau fasilitas apa yang perlu diperbaiki di kampus? Jelaskan perbaikan yang Anda harapkan. (Opsional)","Wifi/Internet masih sering error dan lag. Mungkin perlu peningkatan. Selain itu tempat parkir juga cukup padat terutama di jam"" padat. Pintu masuk dan keluar pada parkiran tergolong sempit dan kecil  seringkali macet terutama saat kegiatan besar sehingga menurut saya sangat menganggu. "
MHS_0221,"Menurut Anda, layanan atau fasilitas apa yang perlu diperbaiki di kampus? Jelaskan perbaikan yang Anda harapkan. (Opsional)",Parkir perlu ditingkatkan 
MHS_0222,"Menurut Anda, layanan atau fasilitas apa yang perlu diperbaiki di kampus? Jelaskan perbaikan yang Anda harapkan. (Opsional)",Menurut saya ruang coworking dan parkiran perlu ditambah kapasitas nya
MHS_0224,"Menurut Anda, layanan atau fasilitas apa yang perlu diperbaiki di kampus? Jelaskan perbaikan yang Anda harapkan. (Opsional)",perbanyak tempt parkir dan parkir d3 gunakan mesin tap kartu smart card seperti yg d4 
MHS_0225,"Menurut Anda, layanan atau fasilitas apa yang perlu diperbaiki di kampus? Jelaskan perbaikan yang Anda harapkan. (Opsional)",Saya ingin parkiran D4 diberi atap punutup seperti parkiran D3
MHS_0226,"Menurut Anda, layanan atau fasilitas apa yang perlu diperbaiki di kampus? Jelaskan perbaikan yang Anda harapkan. (Opsional)",Fasilitas parkir di kampus diharapkan dapat diperluas dan ditata dengan lebih teratur agar mahasiswa lebih mudah mendapatkan tempat parkir
MHS_0227,"Menurut Anda, layanan atau fasilitas apa yang perlu diperbaiki di kampus? Jelaskan perbaikan yang Anda harapkan. (Opsional)",Laboratorium mungkin bisa ditingkatkan untuk infrastrukturnya seperti penambahan komputer karena saya memiliki satu mata kuliah yang seharusnya menggunakan komputer dari kampus tetapi harus dilewati karena kekurangan sumber daya. Parkir mungkin bisa ditingkatkan dalam segi penempatan dan kapasitas. 
MHS_0230,"Menurut Anda, layanan atau fasilitas apa yang perlu diperbaiki di kampus? Jelaskan perbaikan yang Anda harapkan. (Opsional)",Fasilitas internet dan wifi dikarenakan tanpa adanya akses dengan kualitas sinyal yang baik mahasiswa tidak bisa mengerjakan tugas dan melakukan proses pembelajaran secara optimal
MHS_0231,"Menurut Anda, layanan atau fasilitas apa yang perlu diperbaiki di kampus? Jelaskan perbaikan yang Anda harapkan. (Opsional)",-
MHS_0233,"Menurut Anda, layanan atau fasilitas apa yang perlu diperbaiki di kampus? Jelaskan perbaikan yang Anda harapkan. (Opsional)","Menurut saya, ruangan kuliah D4 masih ada yang kurang dingin, serta wifi atau ethol yang kadang tidak bisa diakses mungkin perlu lebih diperbaiki."
MHS_0234,"Menurut Anda, layanan atau fasilitas apa yang perlu diperbaiki di kampus? Jelaskan perbaikan yang Anda harapkan. (Opsional)","Pada toilet gedung D3 kadang Pesing, depan pintu SAW becek, area ayam malay juga becek kumuh"
MHS_0237,"Menurut Anda, layanan atau fasilitas apa yang perlu diperbaiki di kampus? Jelaskan perbaikan yang Anda harapkan. (Opsional)","Paling perlu diperbaiki menurut saya parkiran, dikarenakan pada saat digunakan tatanan parkir kurang jelas, juga kalau kuliah pagi sangat antri pada saat masuk parkiran (karena saya mengalami hal kurang menyenangkan karena berhimpit, spion saya patah)"
MHS_0238,"Menurut Anda, layanan atau fasilitas apa yang perlu diperbaiki di kampus? Jelaskan perbaikan yang Anda harapkan. (Opsional)",Parkiran macet 
MHS_0239,"Menurut Anda, layanan atau fasilitas apa yang perlu diperbaiki di kampus? Jelaskan perbaikan yang Anda harapkan. (Opsional)",penambahan jumlah mushola dalam gedung pasca/SAW dan juga diberikan papan petunjuk arah untuk ke Musholah
MHS_0240,"Menurut Anda, layanan atau fasilitas apa yang perlu diperbaiki di kampus? Jelaskan perbaikan yang Anda harapkan. (Opsional)","Menurut saya, sistim Ethol masih kurang memadai, dikarenakan sering terjadi kasus dimana Ethol crash atau server down ketika pengumpulan tugas atau ketika melakukan absensi ketika perkuliahan. Saya sudah mendapatkan 1 pengalaman ""unik"" dimana absensi di hari libur dianggap alpha, dan absen saya di ethol ketika perkuliahan down dan presensi saya tidak terekam, ini menghasilkan kejadian tidak enak dimana online.MIS dan Ethol saya tidak merekam presensi saya, namun di hari yang berbeda dan tidak sinkron."
MHS_0241,"Menurut Anda, layanan atau fasilitas apa yang perlu diperbaiki di kampus? Jelaskan perbaikan yang Anda harapkan. (Opsional)",Sistem ijin sakit kalo bisa gak perlu untuk tanda tangan kaprodi karena untuk meminta tanda tangan kaprodi sulit didapatkan. Hal ini terjadi karena Bapak/Ibu kaprodi sedang sibuk.
MHS_0242,"Menurut Anda, layanan atau fasilitas apa yang perlu diperbaiki di kampus? Jelaskan perbaikan yang Anda harapkan. (Opsional)","Ruang kuliah, toilet, dan parkir perlu mendapat perhatian lebih. Saya berharap ruang kuliah dapat ditingkatkan dari sisi kenyamanan, kebersihan, pencahayaan, serta fasilitas pendukung pembelajaran. Untuk toilet, kebersihan dan perawatan rutin perlu lebih diperhatikan agar selalu nyaman digunakan. Sementara itu, fasilitas parkir diharapkan dapat ditata lebih rapi, aman, dan memiliki kapasitas yang memadai, terutama pada jam-jam sibuk. Dengan perbaikan tersebut, kenyamanan mahasiswa dalam mengikuti kegiatan akademik maupun aktivitas di kampus dapat semakin meningkat."
MHS_0244,"Menurut Anda, layanan atau fasilitas apa yang perlu diperbaiki di kampus? Jelaskan perbaikan yang Anda harapkan. (Opsional)","Layanan mahasiswa (BAAK) lebih ramah dan membantu.
Kelengkapan buku perpustakaan ditingkatkan.
INTERNET/JARINGAN WIFI di kampus sangat kurang untuk kelancaran mahasiswa dalam proses pendidikan. Kurang lancar dan jangkauan kurang luas.
Tempat parkir sangat kecil.

Saya harap, survei ini benar-benar diperhatikan agar PENS dapat berkembang lebih cepat dan lebih baik. Gedungnya maupun mahasiswanya."
MHS_0245,"Menurut Anda, layanan atau fasilitas apa yang perlu diperbaiki di kampus? Jelaskan perbaikan yang Anda harapkan. (Opsional)",Perbanyak akses keluar parkir biar ngga nunggu lama/macet
MHS_0246,"Menurut Anda, layanan atau fasilitas apa yang perlu diperbaiki di kampus? Jelaskan perbaikan yang Anda harapkan. (Opsional)","Parkiran, saya berharap tempat parkir dapat direnovasi untuk kedepanya dikarenakan kenyamanan dari tempat parkir masih terbilang kurang untuk saat ini dan sudah overload untuk isi dari parkiran ya semenjak bertambahnya kouta mahasiswa"
MHS_0247,"Menurut Anda, layanan atau fasilitas apa yang perlu diperbaiki di kampus? Jelaskan perbaikan yang Anda harapkan. (Opsional)","Administrasi akademik perlu di perbaiki, karena di saat jam jam tertentu selalu terjadi error, sehingga membuat kita ada yang tidak bisa melakukan presensi, untuk wifi itu jika kita sudah di lantai melebihi 7 itu sinyal selalu lemah "
MHS_0250,"Menurut Anda, layanan atau fasilitas apa yang perlu diperbaiki di kampus? Jelaskan perbaikan yang Anda harapkan. (Opsional)","Parkiran, semoga lebih baik rapih dan apik"
MHS_0251,"Menurut Anda, layanan atau fasilitas apa yang perlu diperbaiki di kampus? Jelaskan perbaikan yang Anda harapkan. (Opsional)","Untuk internet atau wifi sudah cukup bagus tetapi terkadang masih ada kendala saat login.
Untuk administrasi Akademik terutama saat ijin karena sakit berat.. lumayan susah yang harus tanda tangan berbagai dosen, yang terkadang dosen tersebut sedang tidak berada di kampus"
MHS_0252,"Menurut Anda, layanan atau fasilitas apa yang perlu diperbaiki di kampus? Jelaskan perbaikan yang Anda harapkan. (Opsional)",lahan parkir luas
MHS_0253,"Menurut Anda, layanan atau fasilitas apa yang perlu diperbaiki di kampus? Jelaskan perbaikan yang Anda harapkan. (Opsional)",Kurang pintu untuk parkir dan Peralatan untuk praktikum dilengkapi
MHS_0254,"Menurut Anda, layanan atau fasilitas apa yang perlu diperbaiki di kampus? Jelaskan perbaikan yang Anda harapkan. (Opsional)",tidak ada
MHS_0256,"Menurut Anda, layanan atau fasilitas apa yang perlu diperbaiki di kampus? Jelaskan perbaikan yang Anda harapkan. (Opsional)",Parkiran
MHS_0257,"Menurut Anda, layanan atau fasilitas apa yang perlu diperbaiki di kampus? Jelaskan perbaikan yang Anda harapkan. (Opsional)",saya harap untuk kantin pens dikhususkan untuk mahasiswa pens
MHS_0260,"Menurut Anda, layanan atau fasilitas apa yang perlu diperbaiki di kampus? Jelaskan perbaikan yang Anda harapkan. (Opsional)","yang saya sarankan adalah lab, yang dimana lab sendiri tempat kita melakukan pengerjaan secara langsung dan menggunakan alat alat yang ada dilab tersebut, untuk sarannya sih memperlengkap alat alat yang ada dilab"
MHS_0261,"Menurut Anda, layanan atau fasilitas apa yang perlu diperbaiki di kampus? Jelaskan perbaikan yang Anda harapkan. (Opsional)","Karna untuk saat ini ketiga hal itu yang perlu di tingkatkan , mengingat setiap tahunya PENS juga mendapatkan mahasiswa baru "
MHS_0262,"Menurut Anda, layanan atau fasilitas apa yang perlu diperbaiki di kampus? Jelaskan perbaikan yang Anda harapkan. (Opsional)","penambahan fasilitas untuk print, sehingga mahasiswa tidak perlu keluar jauh” ke luar kampus, penambahan tempat serta highlight terkait fotocopy dan print untuk tugas"
MHS_0263,"Menurut Anda, layanan atau fasilitas apa yang perlu diperbaiki di kampus? Jelaskan perbaikan yang Anda harapkan. (Opsional)","Parkiran mahasiswa. Parkiran yang diperuntukkan Mahasiswa Lama (depan D3) sudah terlalu kecil untuk menampung motor - motor, yang terkadang berujung ke beberapa mahasiswa memarkirkan motornya dengan tidak rapi atau sembarangan. Sedehana namun mencari parkiran yang ada apalagi ketika pada jam 7an sebelum matkul pagi sangat amat menguras waktu yang kadang berujung telat masuk kelas."
MHS_0264,"Menurut Anda, layanan atau fasilitas apa yang perlu diperbaiki di kampus? Jelaskan perbaikan yang Anda harapkan. (Opsional)","Internet/wifi kampus lebih ditingkatkan lagi, karena beberapa daerah kampus masih sulit menjangkau wifi, dan ketika menggunakan komputer lab terkadang masih susah untuk menyambungkan wifi"
MHS_0265,"Menurut Anda, layanan atau fasilitas apa yang perlu diperbaiki di kampus? Jelaskan perbaikan yang Anda harapkan. (Opsional)","WIFI sering ga connect, keluar parkiran sangat lama, dan tolong sediakan tempat fotocopy, dan kalau bisa di buatkan smoking area"
MHS_0266,"Menurut Anda, layanan atau fasilitas apa yang perlu diperbaiki di kampus? Jelaskan perbaikan yang Anda harapkan. (Opsional)","Parkiran, dikarenakan selalu ramai jika ada kegiatan, lebih tepatnya saat mau keluar"
MHS_0267,"Menurut Anda, layanan atau fasilitas apa yang perlu diperbaiki di kampus? Jelaskan perbaikan yang Anda harapkan. (Opsional)",parkiran
MHS_0268,"Menurut Anda, layanan atau fasilitas apa yang perlu diperbaiki di kampus? Jelaskan perbaikan yang Anda harapkan. (Opsional)","Internet / wifi sering ga bisa, semoga wifi nya bisa lancar supaya ketika mengerjakan tugas jadi lebih mudah. Parkir, karena tempatnya penuh jadi susah untuk parkir, di parkir ktm terlalu lama untuk scan ktm nya ketika keluar"
MHS_0269,"Menurut Anda, layanan atau fasilitas apa yang perlu diperbaiki di kampus? Jelaskan perbaikan yang Anda harapkan. (Opsional)","Access point wifi diperbanyak, perbanyak juga sudut CCTV, dan tingkatkan parkiran agar dapat menampung banyak kendaraan"
MHS_0270,"Menurut Anda, layanan atau fasilitas apa yang perlu diperbaiki di kampus? Jelaskan perbaikan yang Anda harapkan. (Opsional)","harapan saya parkiran kampus lebih luas lagi, misal dibuat sistem tingkat agar ga terlalu penuh banget dan untuk parkiran d3 saya harap lebih banyak lagi gate masuk dan keluar "
MHS_0272,"Menurut Anda, layanan atau fasilitas apa yang perlu diperbaiki di kampus? Jelaskan perbaikan yang Anda harapkan. (Opsional)","Area Parkir
Karena menurutku sudah termasuk melebihi batas dan tidak beraturan karena banyak nya makasiswa dan kurangnya fasilitas"
MHS_0273,"Menurut Anda, layanan atau fasilitas apa yang perlu diperbaiki di kampus? Jelaskan perbaikan yang Anda harapkan. (Opsional)","Parkiran (memperbesar lokasi parkiran yang ada karena saya yakin kedepannya kampus ini akan menjadi kampus dengan lebih banyak lagi mahasiswa, dengan begitu diharapkan untuk telah bersedia menyiapkan lahan parkir yang layak) dan lokasi bebas (seperti perpustakaan dan working space, jadi mahasiswa bisa melakukan berbagai kegiatan di kampus, tugas dan lain2)"
MHS_0274,"Menurut Anda, layanan atau fasilitas apa yang perlu diperbaiki di kampus? Jelaskan perbaikan yang Anda harapkan. (Opsional)",Semua informasi yang berkaitan dengan kemahasiswaan dan akademik seharusnya terpampang dengan jelas di website maupun di mis. Semua departemen juga harus berkomunikasi satu sama lain agar mahasiswa tidak dilempar sana sini tanpa ada kepastian maupun informasi lebih lanjut
MHS_0275,"Menurut Anda, layanan atau fasilitas apa yang perlu diperbaiki di kampus? Jelaskan perbaikan yang Anda harapkan. (Opsional)",Parkiran bikin gate yang lebih luas aagar tidak antri
MHS_0276,"Menurut Anda, layanan atau fasilitas apa yang perlu diperbaiki di kampus? Jelaskan perbaikan yang Anda harapkan. (Opsional)",Untuk parkiran kalau tetap memakai 2 gate maka perbaiki sistemnya agar waktu verifikasi keluar berjalan dengan cepat 
MHS_0277,"Menurut Anda, layanan atau fasilitas apa yang perlu diperbaiki di kampus? Jelaskan perbaikan yang Anda harapkan. (Opsional)","Diharapkan jalur masuk dan keluar parkir dapat ditambah dan diperbaiki agar arus kendaraan lebih lancar. Selain itu, kualitas dan kapasitas jaringan Wi-Fi juga perlu ditingkatkan agar koneksi lebih cepat dan stabil. Fasilitas alat-alat praktikum juga diharapkan dapat dilengkapi dan disediakan dalam kondisi yang memadai sehingga kegiatan praktikum dapat berjalan lebih efektif."
MHS_0278,"Menurut Anda, layanan atau fasilitas apa yang perlu diperbaiki di kampus? Jelaskan perbaikan yang Anda harapkan. (Opsional)",menambahkan fasilitas yang dibutuhkan mahasiswa yaitu tempat print atau fotocopy didalam kampus. dan juga buat smoking area agar mahasiswa tidak perlu keluar gerbang(ngemper) untuk merokok
MHS_0279,"Menurut Anda, layanan atau fasilitas apa yang perlu diperbaiki di kampus? Jelaskan perbaikan yang Anda harapkan. (Opsional)",PARKIRANNN DILUASKAN DAN MOBILTAS DIBUAT MUDAH DAN TAMBAHKAN GATE UNTUK PARKIRAN
MHS_0280,"Menurut Anda, layanan atau fasilitas apa yang perlu diperbaiki di kampus? Jelaskan perbaikan yang Anda harapkan. (Opsional)",Bangun parkir yang lebih luas agar motor tidak lecet dan roboh
MHS_0281,"Menurut Anda, layanan atau fasilitas apa yang perlu diperbaiki di kampus? Jelaskan perbaikan yang Anda harapkan. (Opsional)","Wifi, kadang kurang mensupport dan kadang gabisa login

Lingkungan : tolong lingkungan nya yg ramah dan sehat"
MHS_0282,"Menurut Anda, layanan atau fasilitas apa yang perlu diperbaiki di kampus? Jelaskan perbaikan yang Anda harapkan. (Opsional)","fasilitas yang sering digunakan pasti ruang kelas maupun ruangan laboratorium, untuk ruang kelas sudah difasilitasi dengan baik, namun untuk peralatan di lab saya merasa peralatan tangan untuk melakukan praktikum itu sangatlah kurang. Untuk kuantitas alatnya memang banyak tapi untuk kualitasnya itu masih perlu dipertanyakan lagi apakah masih layak digunakan atau tidak. Dan itu lumayan banyak yang rusak dan tidak bisa digunakan, yang mengakibatkan waktu praktikumm terpangkas karena menunggu teman lain yang menggunakan peralatan yang masih berfungsi."
MHS_0285,"Menurut Anda, layanan atau fasilitas apa yang perlu diperbaiki di kampus? Jelaskan perbaikan yang Anda harapkan. (Opsional)",pelebar parkir
MHS_0286,"Menurut Anda, layanan atau fasilitas apa yang perlu diperbaiki di kampus? Jelaskan perbaikan yang Anda harapkan. (Opsional)",semoga lahan parkir nya diperluas 
MHS_0287,"Menurut Anda, layanan atau fasilitas apa yang perlu diperbaiki di kampus? Jelaskan perbaikan yang Anda harapkan. (Opsional)","Parkir lebih luas, akses ke klinik lebih jelas, internet lebih lancar, toilet di remajakan, lingkungan kampus diperasri, perpustakaan lebih lengkap akses jurnal lebih mudah, laboratorium lebih lengkap barang nya tidak ada yang rusak lagi"
MHS_0288,"Menurut Anda, layanan atau fasilitas apa yang perlu diperbaiki di kampus? Jelaskan perbaikan yang Anda harapkan. (Opsional)","1. Parkir , harapan semoga tempat parkirnya dapat lebih memadai karena mahasiswa makin banyak akan tetapi tempat parkir tidak mencukupi terkadang sampai kebingungan motor pindah jauh dari awal tempat parkir karena dipindah - pindah

2. Fasilitas kampus untuk tempat nugas / WorkSpace semoga lebih banyak dan dpt di akses 24 jam , tidak perlu mewah cukup ada meja , wifi , dan colokan karena tugas di PENS banyak akan tetapi tempat mengerjakannya terbatas dan kalau harus keluar jadi tidak dapat hemat uang selain di kost tapi di kost itu tidak ada hawa-hawa akademik yang membuat semangat nugas.

3. Internet/ Wi-Fi sering sulit untuk digunakan di laptop tidak mudah connect 
Perbaikan yang di harapkan agar Wi-Fi kampus lebih mudah aksesnya dan tidak lemot apalagi untuk layanan-layanan utama seperti ethol ataupun website pembelajaran lainnya. "
MHS_0289,"Menurut Anda, layanan atau fasilitas apa yang perlu diperbaiki di kampus? Jelaskan perbaikan yang Anda harapkan. (Opsional)","Menurut saya sebenarnya sudah cukup baik untuk beberapa aspek namun, sangat disayangkan fasilitas parkir dan juga layanan kemahasiswaan dan administrasi semacamnya tolong untuk ditingkatkan kembali pelayanan kepada mahasiswanya agar tercipta lingkungan yang nyaman karena petugasnya cenderung ketus dan judes serta tidak ramah. Selain itu, untuk fasilitas parkir saya harap dibenahi lagi agar lebih layak dan nyaman dan untuk parkir mobil tolong sediakan tempat yang memadai dan layak agar tidak selalu paralel."
MHS_0290,"Menurut Anda, layanan atau fasilitas apa yang perlu diperbaiki di kampus? Jelaskan perbaikan yang Anda harapkan. (Opsional)","wifi kadang gabisa connect ke device, toilet kadang tidak ada sabunnya dan jet shower ada yang rusak, tempat parkir kurang luas untuk segini banyak mahasiswa."
MHS_0291,"Menurut Anda, layanan atau fasilitas apa yang perlu diperbaiki di kampus? Jelaskan perbaikan yang Anda harapkan. (Opsional)","Lahan parkir ditambah supaya tidak menumpuk dan tertata dengan rapih. Kualitas Wifi ditingkatkan, sering kali akses wifi lemot bahkan tidak bisa membuka ethol. AC ruang kuliah dibersihkan/tambah freon/diperbaiki karena banyak AC di ruang kuliah yang tidak dingin. Perluas kantin, sering kali kantin overload dan banyak mahasiswa tidak mendapatkan tempat duduk."
MHS_0293,"Menurut Anda, layanan atau fasilitas apa yang perlu diperbaiki di kampus? Jelaskan perbaikan yang Anda harapkan. (Opsional)","parkiran sempit, jika sempit buat tinkat saja, lalu wifi selalu down. yang ujung ujungnya menggunakan paket data sendiri"
MHS_0294,"Menurut Anda, layanan atau fasilitas apa yang perlu diperbaiki di kampus? Jelaskan perbaikan yang Anda harapkan. (Opsional)",Ethol sering bermasalah jika terhubung dengan eepiswlan. Toilet kampus terkadang pesing banget terutama di D4. AC di D4 terutama di lantai 3 luar biasa panas seperti di Padang Mahsyar. Eepiswlan kadang tidak bs diakses
MHS_0297,"Menurut Anda, layanan atau fasilitas apa yang perlu diperbaiki di kampus? Jelaskan perbaikan yang Anda harapkan. (Opsional)",parkiran 
MHS_0298,"Menurut Anda, layanan atau fasilitas apa yang perlu diperbaiki di kampus? Jelaskan perbaikan yang Anda harapkan. (Opsional)",Toilet masih kurang bersih sama ada beberapa toilet masih bau
MHS_0299,"Menurut Anda, layanan atau fasilitas apa yang perlu diperbaiki di kampus? Jelaskan perbaikan yang Anda harapkan. (Opsional)",Internet haruss di tingkatkan kecepatnya 
MHS_0301,"Menurut Anda, layanan atau fasilitas apa yang perlu diperbaiki di kampus? Jelaskan perbaikan yang Anda harapkan. (Opsional)","Di baak orangnya kurang ramah, parkiran yang kurang memadai dan lab kadang alat tidak bisa digunakan"
MHS_0302,"Menurut Anda, layanan atau fasilitas apa yang perlu diperbaiki di kampus? Jelaskan perbaikan yang Anda harapkan. (Opsional)",Saya sangat mengharapan parkir untuk mahasiswa di perluas lagi 
MHS_0303,"Menurut Anda, layanan atau fasilitas apa yang perlu diperbaiki di kampus? Jelaskan perbaikan yang Anda harapkan. (Opsional)","Ruang kelas khususnya D4. Yang perlu diperbaiki paling pertama adalah AC kelas. Di mana saya selalu mendapati bahwa AC kelas di D4 kurang berfungsi atau bahkan tidak berfungsi. Sehingga membuat kegiatan perkuliahan terhambat karena mahasiswa merasa gerah dan panas sehingga tidak bisa fokus. Apalagi setelah perubahan baru yaitu AC mati setelah 2 jam, membuat keadaan kelas semakin panas dan pengap serta kurangnya pengharum ruangan di kelas dan di lab. Selain itu proyektor di kelas D4 rata-rata kurang berfungsi dengan baik, yang di proyeksikan juga tidak terlihat dengan baik karena latarnya menggunakan tembok. Mungkin bisa ditambah seperti screen putih yang setiap mau dipakai harus ditarik ke bawah seperti jendela (saya lupa namanya) karena dengan begitu, warna yang di proyeksikan akan lebih keluar dan materi bisa tersampaikan dengan baik.

Selain itu untuk toilet, tolong beri tisu toilet dan rutin di refill. Serta saya sering mendapati beberapa toilet itu wc nya ada yang goyang atau seperti tempat dudukannya itu goyang/loose gitu. Tolong diperbaiki."
MHS_0304,"Menurut Anda, layanan atau fasilitas apa yang perlu diperbaiki di kampus? Jelaskan perbaikan yang Anda harapkan. (Opsional)","Perlu di perbanyak lagi dari bidang bidang yang mungkin akan digunakan banyak orang, contohnya Membangun gedung KBM, Kelasnya lebih diperbanyak lagi"
MHS_0305,"Menurut Anda, layanan atau fasilitas apa yang perlu diperbaiki di kampus? Jelaskan perbaikan yang Anda harapkan. (Opsional)","Perluasan lahan parkir, perbaikan saluran beberapa toilet, eepiswlan"
MHS_0306,"Menurut Anda, layanan atau fasilitas apa yang perlu diperbaiki di kampus? Jelaskan perbaikan yang Anda harapkan. (Opsional)","Tempat parkir harus ditambah lagi, kadang  ga cukup untuk kendaraan mahasiswa"
MHS_0307,"Menurut Anda, layanan atau fasilitas apa yang perlu diperbaiki di kampus? Jelaskan perbaikan yang Anda harapkan. (Opsional)","PARKIR MOHON DIPERLUAS, ORANG BAAK NYA PRODI SAINS DATA GA RANAH BANGET, JADI MALES KE BAAK KLO ORANGNYA AJA GA RAMAH. mohon maaf pak klo kesannya marah atau ga sopan, tp EMANG ORANG BAAK SAINS DATA PERLU DIGANTI, BANYAK JELUHAN DATI TEMN SAYA BAHWA IBUNYA SANGAT AMAT TIDAK RAMAH."
MHS_0308,"Menurut Anda, layanan atau fasilitas apa yang perlu diperbaiki di kampus? Jelaskan perbaikan yang Anda harapkan. (Opsional)",Laboratorium yang baiknya diperbarui alat penunjangnya
MHS_0310,"Menurut Anda, layanan atau fasilitas apa yang perlu diperbaiki di kampus? Jelaskan perbaikan yang Anda harapkan. (Opsional)","Untuk internet masih ada bagian yang belum ada internetnya, parkir saya bingung mau menempatkan dimana dan terkadang mahasiswa lain parkirnya belum tertata rapi dan layanan klinik mba"" yang bagian depan judes ketika saya benar"" pusing tapi malah ga dikasih apa"" sampai saya anggap biasa saja dan ternyata beberapa hari kemudian saya sering pingsan sendiri saat itu saya mengerjakan tugas akhir D3 dan kalau sakit tidak lagi ke klinik kampus"
MHS_0311,"Menurut Anda, layanan atau fasilitas apa yang perlu diperbaiki di kampus? Jelaskan perbaikan yang Anda harapkan. (Opsional)","Minta Tolong untuk parkirannya di perluas, kantin juga mungkin bisa di perluas. Terimakasih"
MHS_0313,"Menurut Anda, layanan atau fasilitas apa yang perlu diperbaiki di kampus? Jelaskan perbaikan yang Anda harapkan. (Opsional)","Layanan dibagian akademik saat dulu ada kendala yang disampaikan melalui whatsapp tidak ada respon, diharapkan tetap memberi respon meskipun kendala tersebut masih dalam proses tindak lanjut, itu memberikan rasa aman dan jaminan bahwa keluhan sudah diterima dan sedang dalam tindak lanjut. Untuk internet, terkadang selalu invalid untuk masuk, mungkin bisa diperbaiki. Terimakasih"
MHS_0315,"Menurut Anda, layanan atau fasilitas apa yang perlu diperbaiki di kampus? Jelaskan perbaikan yang Anda harapkan. (Opsional)","Parkiran (kurang luas), UI Online mis (tidak memudahkan secara UX)"
MHS_0316,"Menurut Anda, layanan atau fasilitas apa yang perlu diperbaiki di kampus? Jelaskan perbaikan yang Anda harapkan. (Opsional)","Harap menginformasikan lebih jelas dan tidak mendadak pada informasi yang akan disampaikan, baik yang penting maupun tidak. Sehingga mahasiswa bisa lebih mempersiapkan sebelumnya dan tidak terburu-buru."
MHS_0322,"Menurut Anda, layanan atau fasilitas apa yang perlu diperbaiki di kampus? Jelaskan perbaikan yang Anda harapkan. (Opsional)",_
MHS_0323,"Menurut Anda, layanan atau fasilitas apa yang perlu diperbaiki di kampus? Jelaskan perbaikan yang Anda harapkan. (Opsional)","tolong BAAKnya lebih ramah lagi. dan untuk layanan klinik PENS sudah bagus dan ramah. tetapi hanya bisa menangani penyakit yang basic seperti demam, keluhan yang lain dokternya masih belum bisa menangani"
MHS_0324,"Menurut Anda, layanan atau fasilitas apa yang perlu diperbaiki di kampus? Jelaskan perbaikan yang Anda harapkan. (Opsional)",Parkir mohon untuk ditingkatkan lagi dikarenakan dengan jumlah mahasiswa yang bertambah maka kapasitas parkirpun berkurang serta AC untuk ruangan kelas mohon diperhatikan dan diperbaiki
MHS_0326,"Menurut Anda, layanan atau fasilitas apa yang perlu diperbaiki di kampus? Jelaskan perbaikan yang Anda harapkan. (Opsional)","Terutama parkiran, seringkali terjadi dimana saat saya memasuki parkiran tidak dapat tempat. Terkadang saat ingin keluar juga harus mengantri sangat lama, saya harap sistem pengecekan ktm bisa dioptimalkan agar efisiensi waktu.

Kedua, wifi eepis sering kali lag. Belakangan ini jadi masalah yang cukup serius, dimana saat mengakses ethol justru tidak bisa pake eepiswlan."
MHS_0327,"Menurut Anda, layanan atau fasilitas apa yang perlu diperbaiki di kampus? Jelaskan perbaikan yang Anda harapkan. (Opsional)",Keluar parkiran itu antri panjang kalau secara bersamaan keluarnya
MHS_0328,"Menurut Anda, layanan atau fasilitas apa yang perlu diperbaiki di kampus? Jelaskan perbaikan yang Anda harapkan. (Opsional)",PARKIRRRR
MHS_0330,"Menurut Anda, layanan atau fasilitas apa yang perlu diperbaiki di kampus? Jelaskan perbaikan yang Anda harapkan. (Opsional)",Untuk parkirnya masih perlu diperluas dan juga kelengkapan alat dan bahan praktikum dipenuhi
MHS_0331,"Menurut Anda, layanan atau fasilitas apa yang perlu diperbaiki di kampus? Jelaskan perbaikan yang Anda harapkan. (Opsional)",Etholl app ios
MHS_0332,"Menurut Anda, layanan atau fasilitas apa yang perlu diperbaiki di kampus? Jelaskan perbaikan yang Anda harapkan. (Opsional)",Toilet d3 sering rusak toilet d4 juga sering rusak. Tidak Ada tempat working space cuma satu
MHS_0333,"Menurut Anda, layanan atau fasilitas apa yang perlu diperbaiki di kampus? Jelaskan perbaikan yang Anda harapkan. (Opsional)",Parkir nomor 1
MHS_0334,"Menurut Anda, layanan atau fasilitas apa yang perlu diperbaiki di kampus? Jelaskan perbaikan yang Anda harapkan. (Opsional)",parkiran di perbesar 
MHS_0335,"Menurut Anda, layanan atau fasilitas apa yang perlu diperbaiki di kampus? Jelaskan perbaikan yang Anda harapkan. (Opsional)","parkir lebih diperluas, laboratorium terkadang alat kurang lengkap, situs web yang terkadang error dan website perpus yang kurang dimaksimalkan"
MHS_0336,"Menurut Anda, layanan atau fasilitas apa yang perlu diperbaiki di kampus? Jelaskan perbaikan yang Anda harapkan. (Opsional)","Parkiran ditingkatkan, gedung baru-> kelas banyak -> mahasiswa banyak -> parkiran perlu banyak. Entah di buat parkiran basemen atau di bikin 2 Tingkat"
MHS_0337,"Menurut Anda, layanan atau fasilitas apa yang perlu diperbaiki di kampus? Jelaskan perbaikan yang Anda harapkan. (Opsional)","plis parkiranya bikin yg teduhhhh biar motorku ga kepanasann, makasihh semoga dibacaa"
MHS_0339,"Menurut Anda, layanan atau fasilitas apa yang perlu diperbaiki di kampus? Jelaskan perbaikan yang Anda harapkan. (Opsional)","-Laboratorium, karena saat praktikum cukup sering ditemui alat yang kurang maintenance atau kalibrasi, sehingga data percobaan dengan teori kadang ada perbedaan
-Internet/Wi-Fi dan Sistem Informasi, sangat lemot dan terkadang akhir akhir ini untuk membuka ethol saja tidak bisa
-Parkir, Tempat parkir sudah overload dan mungkin perlu dibuat pintu keluar baru di sisi timur parkiran d3, karena jika pada saat jam pulang kampus seperti jam 3-5 sore selalu terjadi penumpukan antrean keluar"
MHS_0340,"Menurut Anda, layanan atau fasilitas apa yang perlu diperbaiki di kampus? Jelaskan perbaikan yang Anda harapkan. (Opsional)","Parkirannya kurang luas 
gate untuk masuk dan keluar kurang banyak
parkiran ktm ada yang ambles diperbaiki
parkiran lapangan futsal dikasih pelindung atap
wifi diperbaiki
toilet di d4 lantai 3 dibersihkan agar tidak bau
ada ruang kelas kelas yang AC nya cuma satu 
Tolong BAAK agar lebih ramah saat melayani mahasisws"
MHS_0341,"Menurut Anda, layanan atau fasilitas apa yang perlu diperbaiki di kampus? Jelaskan perbaikan yang Anda harapkan. (Opsional)","Yang pasti, urgensi utama adalah lahan parkir. "
MHS_0342,"Menurut Anda, layanan atau fasilitas apa yang perlu diperbaiki di kampus? Jelaskan perbaikan yang Anda harapkan. (Opsional)",refill air putih
MHS_0343,"Menurut Anda, layanan atau fasilitas apa yang perlu diperbaiki di kampus? Jelaskan perbaikan yang Anda harapkan. (Opsional)","Layanan lingkungan kampus, saya sangat berharap ada tempat Refill air minum di pens🫰🏻🫰🏻. Karena saya dan juga  teman teman yang merasa satu botol air minum, ngga cukup untuk seharian di pens"
MHS_0344,"Menurut Anda, layanan atau fasilitas apa yang perlu diperbaiki di kampus? Jelaskan perbaikan yang Anda harapkan. (Opsional)","menurut saya parkiran adalah prioritas pertama yang harus diperbaiki, utamanya pada parkiran D3 yang mana jika mahasiswa mendapatkan matakuliah di pagi hari lebih tepatnya jam 8 pagi parkiran tersebut seringkali macet dikarenakan portalnya yang dibuka cuma 3 yang mengakibatkan mahasiswa terhambat untuk masuk ke dalam ruangan kelas, maka dari itu alangkah baiknya untuk parkiran tersebut diperluas/ditingkat menjadi 2 lantai, juga bisa diberikan akses informasi via display yang terkonfigurasi dengan sensor vision maupun sensor deteksi parkir kosong supaya ketika mahasiswa usai mengetap KTM ia dapat melihat mana letak lahan parkiran yang masih kosong."
MHS_0347,"Menurut Anda, layanan atau fasilitas apa yang perlu diperbaiki di kampus? Jelaskan perbaikan yang Anda harapkan. (Opsional)","untuk toilet terkadang ada yang tidak ada gayungnya dan sabunnya juga kadang tidak terisi malah terisi air biasa, dan untuk wifi nya terkadang trouble dan jangkauan nya kurang merata. sejauh ini hanya itu keluhannya"
MHS_0349,"Menurut Anda, layanan atau fasilitas apa yang perlu diperbaiki di kampus? Jelaskan perbaikan yang Anda harapkan. (Opsional)","parkir, karna antre lama"
MHS_0350,"Menurut Anda, layanan atau fasilitas apa yang perlu diperbaiki di kampus? Jelaskan perbaikan yang Anda harapkan. (Opsional)",Wifi kampus karna wifi sering sekali tidak bisa diakses ataupun lemot jika bisa diakses
MHS_0351,"Menurut Anda, layanan atau fasilitas apa yang perlu diperbaiki di kampus? Jelaskan perbaikan yang Anda harapkan. (Opsional)",-
MHS_0352,"Menurut Anda, layanan atau fasilitas apa yang perlu diperbaiki di kampus? Jelaskan perbaikan yang Anda harapkan. (Opsional)","Harapan saya mengenai parkiran pens di mohon untuk bisa diperbaiki agar bisa mewadahi mahasiwa, untuk kantin juga karena semakin kita menambah mahasiswa seharusnya menambahkan fasilitas"
MHS_0353,"Menurut Anda, layanan atau fasilitas apa yang perlu diperbaiki di kampus? Jelaskan perbaikan yang Anda harapkan. (Opsional)","Area Parkir KTM tolong diperbesar atau diperluas, karena saat ini kami sangat kesulitan untuk parkir, bahkan bingung dan kadang menghalangi jalan."
MHS_0355,"Menurut Anda, layanan atau fasilitas apa yang perlu diperbaiki di kampus? Jelaskan perbaikan yang Anda harapkan. (Opsional)","fasilitas area parkir KTM perlu di tingkatkan karena sering mahasiswa parkir di jalan jadi yang mau keluar kesusahan, perbaikan yang saya harapkan di perluas atau di tingkat"
MHS_0356,"Menurut Anda, layanan atau fasilitas apa yang perlu diperbaiki di kampus? Jelaskan perbaikan yang Anda harapkan. (Opsional)",Parkir kapasitas nya perlu diperluas lagi. Untuk ruang kuliah untuk saat ini overload dengan banyaknya mahasiswa baru yang diterima. Layanan kemahasiswaan juga kurang melayani mahasiswa 
MHS_0357,"Menurut Anda, layanan atau fasilitas apa yang perlu diperbaiki di kampus? Jelaskan perbaikan yang Anda harapkan. (Opsional)","Tempat parkir diperluas, Internet/Wifi agar tidak lambat, web ethol agar mudah diakses, AC ruang kuliah D4 agar dingin kembali"
MHS_0361,"Menurut Anda, layanan atau fasilitas apa yang perlu diperbaiki di kampus? Jelaskan perbaikan yang Anda harapkan. (Opsional)","Mungkin jikalau memungkinkan lebih banyak penghijauan di lingkungan kampus, karena surabaya sangat panas. Selain itu mungkin juga perlu diadakan sosialisasi terkait klinik kampus dikarenakan banyak teman-teman termasuk saya yang belum mengetahui alur bahkan tempat dari klinik di PENS. Terimakasih"
MHS_0363,"Menurut Anda, layanan atau fasilitas apa yang perlu diperbaiki di kampus? Jelaskan perbaikan yang Anda harapkan. (Opsional)","parkir nya di perluas supaya akses nya mudah, internet sering trouble saat digunakan mengisi absensi ethol"
MHS_0364,"Menurut Anda, layanan atau fasilitas apa yang perlu diperbaiki di kampus? Jelaskan perbaikan yang Anda harapkan. (Opsional)","Parkirannya, karena kadang susah cari parkiran"
MHS_0365,"Menurut Anda, layanan atau fasilitas apa yang perlu diperbaiki di kampus? Jelaskan perbaikan yang Anda harapkan. (Opsional)","Sebagian pegawai akademik kalau bisa lebih santai ketika ada mahasiswa yang berkonsultasi terkait kedala akademik

Internet kalau bisa sedikit ditambah kecepatannya terutama di laboratorium yang berkaitan dengan IT, karena terkadang ketika praktikum terkendala internet 

Tempat parkir kalau bisa di tata atau di arahkan biar rapi, terkadang banyak kendaraan parkir dijalan sehingga motoh di belakang susah keluar."
MHS_0366,"Menurut Anda, layanan atau fasilitas apa yang perlu diperbaiki di kampus? Jelaskan perbaikan yang Anda harapkan. (Opsional)","Kelas D4 terlalu kecil untuk mahasiswa yang terlalu banyak , BAAK sering menolak perpindahan kelas terhadap masalah tersebut meskipun itu berasal dari keluhan dosen.
 BAAK sering mengubah jadwal dan tidak konsisten saat awal perkuliahan yang mengakibatkan ketidak ikut serta an 1 kelas terhadap 1 matkul.
Parkiran terlalu kecil untuk jumlah mahasiswa sebanyak itu.  "
MHS_0367,"Menurut Anda, layanan atau fasilitas apa yang perlu diperbaiki di kampus? Jelaskan perbaikan yang Anda harapkan. (Opsional)","Menurut saya yang harus disegerakan adalah tempat parkir karena apa ada nya jurusan baru yang menambah banyak nya mahasiswa PENS juga harus menyediakan fasilitas parkir yang lebih baik dan bisa menampung kendaraan mahasiswa nya, dan juga pernah saya melihat beberapa motor motor yang lama di parkiran dan sampai berdebu menurut saya bisa dipindahkan guna lebih banyak menampung kendaraan mahasiswa lain. Apabila pun tidak memungkinkan parkiran PENS di buat tingkat, dibuat memanjang tidak apa seperti yang sekarang namun tolong berikan tempat teduh karena saya pernah saat hujan mendapatkan parkiran paling belakang alhasil motor saya dan mahasiswa lain basah kuyup, dan jika panas motor juga kepanasan. "
MHS_0368,"Menurut Anda, layanan atau fasilitas apa yang perlu diperbaiki di kampus? Jelaskan perbaikan yang Anda harapkan. (Opsional)","Kelas di d4 sangat tidak layak untuk di gunakan untuk kelas gabungan dosen sudah berkali kali melakukan laporan tapi tidak ada respon dan perbaikan,tidak layak karena ruang kurang besar ac tidak menyala,.parkiran sangat kurang tidak sebanding dengan mahasiswa yang ada .tolong ini kenapa ukt saya 8,5juta padahal saua orang tidak mampu tapi gimana lagi sudah terlanjur 5 semester"
MHS_0369,"Menurut Anda, layanan atau fasilitas apa yang perlu diperbaiki di kampus? Jelaskan perbaikan yang Anda harapkan. (Opsional)","layanan kemahasiswaan perlu di tingkatkan lagi karena ada kendala erorr terhadap web dll, dan untuk laboratorium terdapat banyak alat yang rusak dan tidak layak digunakan, dan untuk parkir terlalu sempit dan sering macet dikarenakan lamanya akses keluar!"
MHS_0370,"Menurut Anda, layanan atau fasilitas apa yang perlu diperbaiki di kampus? Jelaskan perbaikan yang Anda harapkan. (Opsional)","Harapannya parkir terutama pada d3 atau ktm itu ditingkatkan jadi tidak susah mencari parkiran dan tidak memakan banyak waktu untuk mencari parkir, jujur saja terkadang jika parkiran penuh itu memakan banyak waktu untuk mencari parkir, sehingga waktu matakuliah akan banyak memakan waktu."
MHS_0371,"Menurut Anda, layanan atau fasilitas apa yang perlu diperbaiki di kampus? Jelaskan perbaikan yang Anda harapkan. (Opsional)","Tolong parkiran diperbaiki entah lahannya diperluas, gate masuk dan keluarnya ditambah"
MHS_0372,"Menurut Anda, layanan atau fasilitas apa yang perlu diperbaiki di kampus? Jelaskan perbaikan yang Anda harapkan. (Opsional)","Saya harap gate parkiran KTM ditambah supaya mahasiswa yang ingin masuk/keluar parkiran tidak perlu mengantre terlalu lama. Ini sangat berbahaya terutama saat mengantre keluar parkiran, mahasiswa terjebak di sana dan terlalu lama terpapar karbon monoksida, nitrogen oksida, dan partikel-partikel lain dari motor. Juga, saya rasa perlu ada optimalisasi sistem tap kartu, karena delay masih tergolong sangat lama dan memperburuk panjang antrean."
MHS_0373,"Menurut Anda, layanan atau fasilitas apa yang perlu diperbaiki di kampus? Jelaskan perbaikan yang Anda harapkan. (Opsional)","perluasan jaringan wifi, permudah ui web online mis, perbaikan flow masuk dan keluar parkiran, perbaiki ac dan pencahayaan ruang kelas"
MHS_0374,"Menurut Anda, layanan atau fasilitas apa yang perlu diperbaiki di kampus? Jelaskan perbaikan yang Anda harapkan. (Opsional)","eepiswlan sangat lah lemot bahkan di laboratorium sekalipun. lalu biasanya jika menggunakan eepiswlan, tidak bisa membuka ethol ataupun web materi kuliah dosen (misal mieke.lecturer) itu tidak bisa dibuka

untuk parkiran juga, mungkin gate keluarnya bisa lebih cepat untuk accept identity nya jadi bisa cepat keluar

toilet kadang bau banget. lebih ke bau pengap aja sih"
MHS_0375,"Menurut Anda, layanan atau fasilitas apa yang perlu diperbaiki di kampus? Jelaskan perbaikan yang Anda harapkan. (Opsional)",Semoga semakin merata perbaikan nya
MHS_0376,"Menurut Anda, layanan atau fasilitas apa yang perlu diperbaiki di kampus? Jelaskan perbaikan yang Anda harapkan. (Opsional)","wifi dan tempat parkir untuk kendaraan roda 4, saya harap internet bisa digunakan lebih lancar untuk keperluan login web ethol menggunakan laptop. saya rasa parkir untuk mobil tidak banyak tidak seperti parkir sepeda roda 2"
MHS_0377,"Menurut Anda, layanan atau fasilitas apa yang perlu diperbaiki di kampus? Jelaskan perbaikan yang Anda harapkan. (Opsional)","Seiring jumlah mahasiswa tiap tahunnya semakin meningkat, diperlukan akses dan fasilitas seperti parkiran, ruang kelas, laboratorium dengan kapasitas yang semakin memadai. Juga tenaga pendidik. "
MHS_0378,"Menurut Anda, layanan atau fasilitas apa yang perlu diperbaiki di kampus? Jelaskan perbaikan yang Anda harapkan. (Opsional)","Optimalisasi terhadap wifi dan system CAS dikarenakan sering error pada saat digunakan atau bahkan tidak bisa diakses pada saat dibutuhkan
Perluasan parkiran dikarenakan semakin banyak mahasiswa yang masuk dan terkadang sulit mendapatkan tempat parkir(penuh)"
MHS_0380,"Menurut Anda, layanan atau fasilitas apa yang perlu diperbaiki di kampus? Jelaskan perbaikan yang Anda harapkan. (Opsional)",-
MHS_0383,"Menurut Anda, layanan atau fasilitas apa yang perlu diperbaiki di kampus? Jelaskan perbaikan yang Anda harapkan. (Opsional)","Untuk parkir bisa di perluas dan otomatis gitu ga perlu ada orang yang ngecek membuat lama banget antrian nya misal untuk Maba 26 NRP nya di nonaktifkan senin-jumat kanbisa, wifi e ngueleg, ruang kuliah D4 sumuk proyektor burik"
MHS_0384,"Menurut Anda, layanan atau fasilitas apa yang perlu diperbaiki di kampus? Jelaskan perbaikan yang Anda harapkan. (Opsional)",Beberapa ruang kuliah terdapat AC yang tidak bisa digunakan. Terdapat area kampus yang tidak terjangkau oleh wifi/internet. 
MHS_0385,"Menurut Anda, layanan atau fasilitas apa yang perlu diperbaiki di kampus? Jelaskan perbaikan yang Anda harapkan. (Opsional)","Fasilitas yang butuh dibenahi adalah parkiran sepeda motor yang sangat kurang memadai karena antrian yang terlalu panjang dan lahan yang kurang, wifi yang sering sulit sinyal, ethol yang sering gangguan, serta fasilitas AC pada kelas kelas di gedung D4 yang sudah kurang layak (panas)."
MHS_0386,"Menurut Anda, layanan atau fasilitas apa yang perlu diperbaiki di kampus? Jelaskan perbaikan yang Anda harapkan. (Opsional)","Tempat parkir seharusnya di tingkat biar tempat parkir semakin luas mengingat mahasiswa baru semakin bertambah, WIFI sering trouble, di laboratorium alat2 masih kurang lengkap, "
MHS_0387,"Menurut Anda, layanan atau fasilitas apa yang perlu diperbaiki di kampus? Jelaskan perbaikan yang Anda harapkan. (Opsional)","Parkiran tolong diperluas,dan keamanan dijaga dengan lebih baik"
MHS_0388,"Menurut Anda, layanan atau fasilitas apa yang perlu diperbaiki di kampus? Jelaskan perbaikan yang Anda harapkan. (Opsional)","Untuk tempat parkirnya masih kurang, selain panas(untuk maba yang parkir di belakang), parkiran juga crowded. untuk parkiran depan, jika jam keluar atau masuk secara bersamaan, bisa makan waktu yang sangat lama. untuk toilet, di beberapa tempat masih kurang bagus. ruang kuliah hanya masalah pada pencahayaan dan ac"
MHS_0389,"Menurut Anda, layanan atau fasilitas apa yang perlu diperbaiki di kampus? Jelaskan perbaikan yang Anda harapkan. (Opsional)",Internet yang terkadang tidak memadai untuk praktikum
MHS_0392,"Menurut Anda, layanan atau fasilitas apa yang perlu diperbaiki di kampus? Jelaskan perbaikan yang Anda harapkan. (Opsional)","PARKIR, mungkin bisa di jadikan bangunan bertingkat untuk parkiran agar mampu menampung semua kendaraan mahasiswa dengan lahan yang ada."
MHS_0396,"Menurut Anda, layanan atau fasilitas apa yang perlu diperbaiki di kampus? Jelaskan perbaikan yang Anda harapkan. (Opsional)","Toilet dan penambahan alat baru untuk praktikum, misalkan alat baru berupa Mikrokontroller baru arduino uno, dikarenakan pada saat praktikum terkadang arduino uno milik laboratorium terkadang ada yang kurang berfungsi semestinya dan kabel jumper juga"
MHS_0397,"Menurut Anda, layanan atau fasilitas apa yang perlu diperbaiki di kampus? Jelaskan perbaikan yang Anda harapkan. (Opsional)","- kalau bisa sebelum mengambil keputusan menambah prodi baru, tempat parkir dikontruksi ulang seperti dibuat 2-3 lantai agar motor tidak terlalu sempit sempitan karena rawan lecet pada motor dan susah untuk.
"
MHS_0399,"Menurut Anda, layanan atau fasilitas apa yang perlu diperbaiki di kampus? Jelaskan perbaikan yang Anda harapkan. (Opsional)",tempat parkir. jikalau memang lahan parkir tidak bisa diperluas setidaknya akses pintu keluar dan masuk ditambah supaya tidak berjam” mengantri keluar masuk ketika hendak jam perkuliahan 
MHS_0400,"Menurut Anda, layanan atau fasilitas apa yang perlu diperbaiki di kampus? Jelaskan perbaikan yang Anda harapkan. (Opsional)",alat di laboratorium
MHS_0403,"Menurut Anda, layanan atau fasilitas apa yang perlu diperbaiki di kampus? Jelaskan perbaikan yang Anda harapkan. (Opsional)",Internetnya tolong jangan lemot dong plisss☺️
MHS_0404,"Menurut Anda, layanan atau fasilitas apa yang perlu diperbaiki di kampus? Jelaskan perbaikan yang Anda harapkan. (Opsional)",tempat parkir ktm yang terlalu sempit dan penataan yang kurang baik 
MHS_0405,"Menurut Anda, layanan atau fasilitas apa yang perlu diperbaiki di kampus? Jelaskan perbaikan yang Anda harapkan. (Opsional)","Fasilitas yang saat ini urgent menurut saya adalah internet/wifi termasuk akses ke ethol yang sering error disaat² genting seperti akan mengumpulkan tugas atau saat ingin presensi, sehingga saya berharap kedepannya error pada koneksi eepiswlan serta ethol dapat diminimalisir semaksimal mungkin. Kemudian tempat parkir di kampus pens yang menurut saya masih sangat kurang mengingat jumlah mahasiswa yang bertambah setiap tahunnya sehingga saya berharap ada perluasan parkiran terutama di parkiran KTM D3 (mungkin bisa dibikin bertingkat atau dibuat underground?)."
MHS_0406,"Menurut Anda, layanan atau fasilitas apa yang perlu diperbaiki di kampus? Jelaskan perbaikan yang Anda harapkan. (Opsional)","Parkir, karena kemarin saya mau parkir di yang menggunakan KTM ternyata parkirannya full di isi Maba yang mana seharusnya Maba parkir di D4 yang menggunakan STNK, mungkin klo bisa di upgrade lagi tempat parkirnya

Dan juga internet/wifi kampus juga sangat buruk saat ini, bahkan login eepis saja sampai invalid credential padahal user dan password sudah benar, akses ethol juga lambat

Jadi mohon di perbaiki lagi.."
MHS_0407,"Menurut Anda, layanan atau fasilitas apa yang perlu diperbaiki di kampus? Jelaskan perbaikan yang Anda harapkan. (Opsional)",Saya harap ada penambahan area taman bermain
MHS_0408,"Menurut Anda, layanan atau fasilitas apa yang perlu diperbaiki di kampus? Jelaskan perbaikan yang Anda harapkan. (Opsional)","Parkir,

Karena jumlah major di kampus semakin bertambah, maka otomatis jumlah mahasiswanya juga bertambah. Maka idealnya kampus membuatkan parkir yang proper dan nyaman untuk dimanfaatkan oleh mahasiswa sebagai tempat melindungi barang berharga mereka, yaitu ke daraan bermotor ataupun bermobil.

Saran dari saya, parkiran ""KTM"" bisa didesign dengan perombakan dan penambahan lantai keatas hingga 3-4 floor, yang mana setidaknya sudah bisa menampung at least 1k kendaraan mahasiswa, dan pastinya akan diperlukan sosialisasi dan alur yang jelas."
MHS_0409,"Menurut Anda, layanan atau fasilitas apa yang perlu diperbaiki di kampus? Jelaskan perbaikan yang Anda harapkan. (Opsional)",Wifinya sering tidak ada jaringan 
MHS_0410,"Menurut Anda, layanan atau fasilitas apa yang perlu diperbaiki di kampus? Jelaskan perbaikan yang Anda harapkan. (Opsional)","Fasilitas web online miss, sering error menyusahkan mahasiswa apalagi yang sedang KP untuk mengisi logbook"
MHS_0411,"Menurut Anda, layanan atau fasilitas apa yang perlu diperbaiki di kampus? Jelaskan perbaikan yang Anda harapkan. (Opsional)","mungkin untuk kejelasan administrasi lebih di sosialisasikan dengan mahasiswa atau dengan membuat panduan, untuk parkir perlu ditingkatkan karna dengan mahasiswa yang bertambah setiap tahun parkir juga harus ditingkatkan"
MHS_0412,"Menurut Anda, layanan atau fasilitas apa yang perlu diperbaiki di kampus? Jelaskan perbaikan yang Anda harapkan. (Opsional)",tingkatkan kapasitas bandwidth internet. tingkatkan limit kecepatan internet (dari 80 mbps). perbaiki bottleneck jaringan. 
MHS_0413,"Menurut Anda, layanan atau fasilitas apa yang perlu diperbaiki di kampus? Jelaskan perbaikan yang Anda harapkan. (Opsional)","tempat parkir sih, karena menurut saya masih diperlukan sedikit lagi space agar memudahkan kita mahasiswa disaat urgent, tidak harus mencari tempat parkir kosong"
MHS_0415,"Menurut Anda, layanan atau fasilitas apa yang perlu diperbaiki di kampus? Jelaskan perbaikan yang Anda harapkan. (Opsional)","Saya harap kedepannya untuk jaringan wifi EEPISWLAN bisa lebih stabil, mengingat internet merupakan kebutuhan pokok seluruh warga PENS, Ke-dua toilet, saya harap pada setiap toilet untuk disediakan sabun cuci tangan dan saya harap segera ada perbaikan beberapa pintu toilet di gedung D4"
MHS_0416,"Menurut Anda, layanan atau fasilitas apa yang perlu diperbaiki di kampus? Jelaskan perbaikan yang Anda harapkan. (Opsional)","Menurut saya yang perlu diperbaiki adalah fasilitas parkir, dikarenakan semakin banyaknya mahasiswa, maka tempat parkir yang dibutuhkan juga harus lebih memadai, khususnya parkir D3 dimana palang pintu sangat lama untuk terbuka"
MHS_0418,"Menurut Anda, layanan atau fasilitas apa yang perlu diperbaiki di kampus? Jelaskan perbaikan yang Anda harapkan. (Opsional)","Internet (eepis-wlan) tidak bisa digunakan untuk akses web ethol, padahal itu penting sekali, jadi kami harus pake data seluler baru bisa akses web ethol. "
